j,eta
20.0,-3.5973004883695197
19.99844928497219,-3.5972168365499
19.984314243903228,-3.59645118746342
19.970179303945105,-3.5956798824434237
19.956044465577463,-3.5949029387062494
19.941909729273924,-3.5941203734104836
19.927775095502085,-3.593332203660239
19.913640564723647,-3.59253844650098
19.899506137394447,-3.591739118920662
19.885371813964387,-3.5909342378557954
19.871237594877673,-3.5901238201822503
19.857103480572714,-3.589307882722882
19.842969471482206,-3.588486442245829
19.828835568033252,-3.5876595154606603
19.814701770647282,-3.5868271190257635
19.80056807974019,-3.5859892695429227
19.786434495722368,-3.585145983559071
19.77230101899869,-3.5842972775686825
19.758167649968684,-3.5834431680085186
19.744034389026403,-3.582583671265634
19.729901236560625,-3.58171880367024
19.715768192954805,-3.5808485815005717
19.701635258587185,-3.5799730209794767
19.687502433830733,-3.5790921382798047
19.67336971905329,-3.578205949519616
19.659237114617614,-3.5773144707624596
19.645104620881327,-3.5764177180217662
19.630972238197028,-3.5755157072578596
19.616839966912305,-3.574608454379449
19.602707807369843,-3.573695975240992
19.58857575990734,-3.572778285648098
19.57444382485771,-3.5718554013507267
19.560312002548944,-3.570927338051709
19.546180293304303,-3.5699941113993514
19.532048697442256,-3.5690557369927487
19.51791721527661,-3.5681122303777224
19.503785847116443,-3.5671636070518264
19.489654593266224,-3.5662098824608344
19.475523454025865,-3.5652510719980977
19.461392429690633,-3.56428719101086
19.44726152055133,-3.5633182547938684
19.4331307268943,-3.562344278590591
19.41900004900143,-3.5613652775958897
19.404869487150183,-3.560381266955251
19.390739041613635,-3.55939226176596
19.376608712660595,-3.5583982770730076
19.362478500555515,-3.557399327874874
19.34834840555866,-3.556395429118337
19.334218427926015,-3.555386595703669
19.320088567909394,-3.554372842481712
19.30595882575647,-3.5533541842547156
19.291829201710783,-3.552330635777218
19.27769969601183,-3.5513022117541304
19.263570308895048,-3.5502689268429797
19.24944104059185,-3.5492307956538998
19.23531189132972,-3.5481878327477574
19.221182861332142,-3.5471400526397474
19.20705395081873,-3.5460874697967366
19.192925160005217,-3.545030098638163
19.178796489103515,-3.5439679535360398
19.164667938321728,-3.542901048815281
19.150539507864167,-3.541829398754643
19.13641119793141,-3.5407530175862667
19.12228300872034,-3.5396719194949013
19.108154940424193,-3.5385861186184
19.094026993232514,-3.537495629049632
19.07989916733128,-3.536400464834067
19.065771462902838,-3.53530063997314
19.051643880126075,-3.5341961684190855
19.0375164191763,-3.5330870640810406
19.02338908022533,-3.5319733408225833
19.00926186344161,-3.5308550124590132
18.995134768990084,-3.5297320927632105
18.98100779703234,-3.528604595461669
18.966880947726608,-3.527472534235746
18.952754221227778,-3.52633592272218
18.938627617687473,-3.5251947745118253
18.924501137254033,-3.5240491031512198
18.910374780072505,-3.522898922144381
18.89624854628479,-3.5217442449484144
18.8821224360296,-3.520585084976578
18.867996449442522,-3.519421455596853
18.85387058665593,-3.518253370136635
18.839744847799228,-3.5170808418746584
18.82561923299862,-3.5159038840507733
18.811493742377397,-3.514722509856663
18.797368376055793,-3.5135367324423425
18.78324313415102,-3.5123465649155152
18.769118016777394,-3.5111520203388817
18.7549930240463,-3.509953111731856
18.74086815606621,-3.508749852071368
18.72674341294277,-3.5075422542897643
18.712618794778674,-3.5063303312804064
18.698494301673925,-3.5051140958894336
18.68436993372565,-3.5038935609233595
18.670245691028306,-3.5026687391431612
18.65612157367353,-3.5014396432697583
18.641997581750253,-3.5002062859822014
18.627873715344784,-3.498968679914848
18.613749974540692,-3.497726837662808
18.599626359419027,-3.4964807717755373
18.58550287005814,-3.4952304947635784
18.57137950653381,-3.4939760190953555
18.5572562689193,-3.492717357196349
18.543133157285354,-3.4914545214502652
18.529010171700115,-3.490187524202366
18.514887312229362,-3.4889163777525978
18.500764578936355,-3.4876410943620417
18.486641971881948,-3.486361686249454
18.47251949112458,-3.485078165593001
18.458397136720286,-3.4837905445305144
18.44427490872282,-3.4824988351565813
18.430152807183454,-3.4812030495298383
18.416030832151343,-3.4799031996618135
18.40190898367317,-3.4785992975294313
18.387787261793513,-3.477291355064333
18.37366566655457,-3.47597938416208
18.35954419799646,-3.474663396673562
18.34542285615697,-3.4733434044141065
18.331301641071853,-3.4720194191542326
18.31718055277461,-3.4706914526283326
18.303059591296652,-3.469359516529097
18.28893875666731,-3.4680236225092878
18.274818048913808,-3.4666837821825984
18.260697468061274,-3.4653400071243308
18.24657701413294,-3.4639923088657016
18.23245668714986,-3.462640698903761
18.21833648713119,-3.4612851886934477
18.20421641409407,-3.459925789651508
18.19009646805375,-3.458562513154113
18.1759766490235,-3.457195370539564
18.1618569570147,-3.4558243731070473
18.147737392036845,-3.4544495321164685
18.133617954097595,-3.45307085878847
18.1194986432027,-3.4516883643067175
18.105379459356175,-3.450302059813766
18.09126040256014,-3.448911956416329
18.077141472815004,-3.4475180651804402
18.063022670119434,-3.446120397133446
18.04890399447025,-3.444718963267455
18.034785445862678,-3.443313774532701
18.020667024290184,-3.441904841842842
18.006548729744505,-3.4404921760751637
17.992430562215848,-3.4390757880650473
17.97831252169266,-3.437655688613358
17.964194608161836,-3.4362318884815193
17.950076821608615,-3.4348043983943843
17.935959162016736,-3.433373229037064
17.921841629368316,-3.4319383910586487
17.907724223643903,-3.430499895071558
17.893606944822636,-3.429057751647406
17.879489792882,-3.4276119713247364
17.865372767798103,-3.4261625646018383
17.851255869545543,-3.4247095419406315
17.837139098097495,-3.4232529137656345
17.823022453425658,-3.421792690465263
17.808905935500377,-3.42032888238942
17.79478954429059,-3.418861499851443
17.780673279763796,-3.4173905531296858
17.766557141886206,-3.4159160524637477
17.75244113062273,-3.4144380080554195
17.738325245936803,-3.412956430074356
17.724209487790777,-3.4114713286471825
17.71009385614549,-3.409982713870544
17.69597835096065,-3.408490595800942
17.68186297219471,-3.406994984458478
17.66774771980484,-3.405495889828459
17.65363259374704,-3.4039933218585556
17.639517593976073,-3.402487290461491
17.62540272044555,-3.4009778055130777
17.611287973107885,-3.3994648768538127
17.597173351914382,-3.3979485142874637
17.583058856815217,-3.396428727581665
17.568944487759403,-3.3949055264697
17.554830244694916,-3.3933789206472684
17.540716127568572,-3.391848919776715
17.52660213632623,-3.390315533481734
17.512488270912634,-3.3887787713522033
17.498374531271462,-3.3872386429435006
17.484260917345484,-3.385695157772715
17.470147429076363,-3.384148325324377
17.456034066404825,-3.3825981550463378
17.441920829270682,-3.3810446563499617
17.427807717612666,-3.3794878386147333
17.41369473136872,-3.377927711181073
17.39958187047575,-3.3763642833575065
17.38546913486982,-3.37479756441569
17.37135652448605,-3.37322756359383
17.35724403925878,-3.371654290092874
17.343131679121402,-3.370077753081233
17.32901944400653,-3.3684979616906774
17.314907333845866,-3.366914925020609
17.300795348570396,-3.3653286521331154
17.286683488110256,-3.363739152056987
17.27257175239483,-3.362146433785821
17.258460141352657,-3.3605505062803873
17.24434865491163,-3.358951378464464
17.230237292998815,-3.3573490592296276
17.216126055540613,-3.3557435574315906
17.202014942462668,-3.354134881892954
17.18790395368999,-3.3525230414005818
17.173793089146844,-3.3509080447086395
17.15968234875689,-3.3492899005357715
17.145571732443052,-3.3476686175684396
17.13146124012772,-3.346044204456667
17.11735087173258,-3.3444166698183215
17.1032406271787,-3.3427860222376102
17.089130506386695,-3.3411522702612944
17.07502050927637,-3.3395154224080033
17.060910635767144,-3.337875487157981
17.046800885777863,-3.3362324729581863
17.032691259226727,-3.3345863882245372
17.018581756031445,-3.3329372413384113
17.004472376109337,-3.3312850406443615
16.990363119377015,-3.3296297944587434
16.97625398575082,-3.327971511058926
16.962144975146423,-3.3263101986937564
16.94803608747919,-3.3246458655748583
16.933927322663934,-3.3229785198829047
16.9198186806151,-3.3213081697637943
16.90571016124668,-3.319634823330937
16.891601764472263,-3.3179584886643902
16.877493490205033,-3.3162791738111657
16.863385338357826,-3.3145968867843982
16.849277308843117,-3.312911635563942
16.83516940157291,-3.311223428099399
16.821061616459048,-3.309532272302616
16.80695395341285,-3.307838176057552
16.79284641234546,-3.3061411472115556
16.7787389931677,-3.3044411935795246
16.76463169578999,-3.3027383229460185
16.75052452012261,-3.3010325430595575
16.73641746607545,-3.299323861638607
16.72231053355825,-3.297612286366582
16.708203722480434,-3.2958978248956448
16.69409703275118,-3.2941804848458345
16.679990464279513,-3.2924602738030426
16.66588401697419,-3.290737199321743
16.651777690743828,-3.2890112689227857
16.637671485496803,-3.287282490095732
16.623565401141377,-3.2855508702963587
16.609459437585574,-3.2838164169499064
16.595353594737357,-3.2820791374471026
16.581247872504473,-3.2803390391481737
16.56714227079461,-3.2785961293795425
16.553036789515275,-3.2768504154367832
16.538931428573928,-3.2751019045821446
16.524826187877892,-3.273350604046633
16.510721067334508,-3.2715965210268525
16.49661606685091,-3.2698396626905386
16.482511186334257,-3.2680800361712716
16.46840642569166,-3.266317648570931
16.454301784830164,-3.2645525069599035
16.440197263656874,-3.2627846183746407
16.426092862078733,-3.2610139898231814
16.41198858000282,-3.2592406282783943
16.397884417336158,-3.25746454068292
16.38378037398583,-3.255685733946604
16.36967644985892,-3.2539042149481534
16.35557264486256,-3.2521199905342972
16.341468958903963,-3.2503330675194357
16.327365391890382,-3.2485434526869574
16.31326194372911,-3.2467511527891846
16.29915861432759,-3.244956174545302
16.285055403593365,-3.243158524642867
16.270952311434062,-3.24135820973826
16.25684933775735,-3.2395552364581794
16.242746482471222,-3.2377496113932414
16.22864374548359,-3.235941341107428
16.214541126702642,-3.234130432130518
16.20043862603673,-3.232316890960697
16.186336243394358,-3.230500724064976
16.17223397868413,-3.228681937881153
16.158131831815002,-3.2268605388116005
16.144029802696004,-3.225036533230424
16.12992789123641,-3.223209927479703
16.11582609734576,-3.2213807278690934
16.101724420933753,-3.2195489406786684
16.08762286191041,-3.2177145721554266
16.07352142018596,-3.2158776285162203
16.05942009567089,-3.2140381159466282
16.045318888275936,-3.2121960406017886
16.03121779791225,-3.210351408602478
16.017116824491108,-3.2085042260423577
16.003015967924185,-3.206654498981543
15.988915228123444,-3.204802233449706
15.974814605001146,-3.202947435446091
15.960714098469989,-3.2010901109364625
15.946613708442841,-3.199230265859378
15.93251343483311,-3.1973679061182567
15.918413277554459,-3.1955030375878506
15.904313236520899,-3.1936356661124665
15.890213311646885,-3.191765797504143
15.876113502847257,-3.1898934375440082
15.862013810037226,-3.1880185919830355
15.847914233132446,-3.1861412665404516
15.83381477204893,-3.1842614669061033
15.819715426703238,-3.1823791987362453
15.805616197012265,-3.1804944676587104
15.791517082893396,-3.1786072792694595
15.777418084264443,-3.176717639134421
15.763319201043716,-3.1748255527880755
15.749220433149993,-3.172931025734263
15.735121780502608,-3.171034063444607
15.7210232430212,-3.1691346713640427
15.706924820626199,-3.167232854900693
15.69282651323822,-3.1653286194390056
15.678728320778713,-3.1634219703260533
15.664630243169412,-3.161512912883604
15.650532280332758,-3.159601452399187
15.636434432191699,-3.157687594130618
15.622336698669692,-3.155771343306244
15.608239079690826,-3.1538527051223824
15.594141575179767,-3.15193168474481
15.580044185061709,-3.1500082873100452
15.565946909262522,-3.1480825179222665
15.551849747708612,-3.1461543816565474
15.53775270032708,-3.1442238835558403
15.523655767045568,-3.1422910286341548
15.509558947792405,-3.1403558218740066
15.49546224249659,-3.138418268226626
15.481365651087671,-3.136478372615018
15.467269173495934,-3.1345361399300438
15.45317280965235,-3.132591575031604
15.439076559488521,-3.130644682750301
15.424980422936782,-3.128695467885154
15.41088439993014,-3.1267439352053072
15.396788490402262,-3.1247900894503546
15.382692694287611,-3.122833935327762
15.36859701152135,-3.120875477514984
15.354501442039362,-3.1189147206593097
15.340405985778261,-3.1169516693777894
15.326310642675423,-3.114986328256836
15.312215412669,-3.1130187018520945
15.29812029569789,-3.1110487946891014
15.284025291701747,-3.1090766112636015
15.269930400621108,-3.1071021560387693
15.255835622397178,-3.1051254334500538
15.24174095697209,-3.1031464478999267
15.227646404288631,-3.101165203763642
15.213551964290582,-3.099181705382565
15.19945763692244,-3.0971959570699967
15.185363422129617,-3.095207963107306
15.171269319858268,-3.093217727747494
15.157175330055528,-3.091225255210756
15.143081452669298,-3.0892305496889025
15.128987687648392,-3.087233615342538
15.11489403494256,-3.0852344563007486
15.100800494502314,-3.0832330766649454
15.086707066279203,-3.0812294805033185
15.072613750225615,-3.079223671855085
15.058520546294828,-3.077215654729685
15.044427454441141,-3.0752054331041365
15.030334474619718,-3.073193010926667
15.016241606786693,-3.0711783921144358
15.002148850899053,-3.0691615805563197
14.988056206914962,-3.067142580106324
14.9739636747934,-3.065121394591256
14.95987125449428,-3.063098027808481
14.945778945978653,-3.061072483521842
14.931686749208447,-3.059044765467186
14.917594664146662,-3.0570148773486747
14.9035026907573,-3.0549828228402127
14.889410829005374,-3.052948605585528
14.87531907885693,-3.050912229197941
14.861227440279036,-3.048873697260616
14.847135913239857,-3.046833013325399
14.83304449770856,-3.0447901809147844
14.818953193655407,-3.0427452035202225
14.804862001051825,-3.040698084600854
14.790770919870118,-3.0386488275896175
14.776679950083848,-3.03659743588561
14.762589091667666,-3.034543912857664
14.74849834459729,-3.032488261845009
14.734407708849577,-3.0304304861560794
14.720317184402505,-3.0283705890687953
14.706226771235155,-3.0263085738313045
14.692136469327854,-3.024244443659205
14.678046278662004,-3.0221782017392225
14.6639561992202,-3.02010985122679
14.649866230986152,-3.018039395248087
14.635776373944864,-3.015966836896355
14.621686628082466,-3.0138921792356337
14.607596993386258,-3.0118154252998712
14.593507469844857,-3.0097365780902097
14.579418057447972,-3.007655640579744
14.56532875618661,-3.0055726157094944
14.551239566053011,-3.0034875063897655
14.537150487040638,-3.0014003155007396
14.523061519144262,-2.9993110458907775
14.508972662359827,-2.997219700379276
14.494883916684634,-2.995126281753341
14.480795282117242,-2.993030792769612
14.4667067586575,-2.990933236154139
14.452618346306542,-2.9888336146024166
14.438530045066841,-2.986731930778489
14.42444185494219,-2.9846281873156624
14.41035377593763,-2.9825223868178843
14.396265808059676,-2.980414531855521
14.382177951316104,-2.978304624969822
14.368090205716085,-2.9761926686702527
14.354002571270112,-2.974078665436286
14.339915047990068,-2.9719626177160654
14.32582763588924,-2.969844527926445
14.311740334982376,-2.9677243984519
14.297653145285475,-2.9656022316488975
14.283566066816089,-2.963478029840048
14.26947909959309,-2.9613517953190134
14.255392243636875,-2.959223530346411
14.241305498969208,-2.9570932371532495
14.227218865613366,-2.9549609179381586
14.213132343594067,-2.9528265748690585
14.199045932937523,-2.9506902100821217
14.18495963367136,-2.948551825683613
14.170873445824729,-2.94641142374787
14.15678736942836,-2.9442690063164316
14.14270140451442,-2.9421245754009115
14.128615551116589,-2.939978132981762
14.114529809270126,-2.9378296810070252
14.100444179011788,-2.9356792213942184
14.086358660379927,-2.933526756028573
14.072273253414444,-2.931372286764016
14.058187958156793,-2.929215815423355
14.044102774650069,-2.927057343796671
14.030017702938872,-2.924896873644154
14.015932743069495,-2.9227344066925793
14.001847895089796,-2.920569944638077
13.987763159049253,-2.9184034891450517
13.973678534999028,-2.9162350418452787
13.959594022991899,-2.9140646043392855
13.945509623082307,-2.9118921781956355
13.931425335326367,-2.909717764950923
13.917341159781847,-2.9075413661102276
13.903257096508206,-2.9053629831467123
13.8891731455667,-2.903182617499668
13.875089307020152,-2.9010002705790865
13.861005580933197,-2.89881594376116
13.846921967372177,-2.8966296383904555
13.832838466405248,-2.8944413557780164
13.818755078102203,-2.8922510972049156
13.804671802534648,-2.8900588639191764
13.790588639776054,-2.88786465713474
13.776505589901586,-2.8856684780351465
13.762422652988228,-2.8834703277710623
13.748339829114794,-2.88127020746043
13.73425711836194,-2.8790681181883917
13.720174520812146,-2.876864061007753
13.706092036549697,-2.8746580369394894
13.692009665660835,-2.8724500469700933
13.677927408233584,-2.870240092055144
13.663845264357946,-2.8680281731155968
13.649763234125682,-2.8658142910421844
13.635681317630628,-2.863598446689708
13.62159951496843,-2.861380640882011
13.607517826236702,-2.859160874409426
13.59343625153503,-2.8569391480286828
13.579354790964908,-2.854715462464365
13.565273444629833,-2.8524898184073204
13.551192212635334,-2.8502622165142486
13.537111095088866,-2.8480326574099486
13.523030092099914,-2.8458011416854383
13.508949203779993,-2.8435676698982797
13.494868430242644,-2.8413322425726806
13.48078777160352,-2.839094860198152
13.466707227980269,-2.83685552323197
13.452626799492634,-2.834614232097268
13.438546486262522,-2.83237098718217
13.424466288413777,-2.8301257888440716
13.410386206072554,-2.8278786374028937
13.396306239367009,-2.8256295331470085
13.382226388427469,-2.8233784763303515
13.368146653386496,-2.821125467171377
13.354067034378769,-2.818870505855441
13.339987531541142,-2.816613592533858
13.325908145012736,-2.8143547273225455
13.311828874934763,-2.8120939103053146
13.297749721450847,-2.809831141528258
13.283670684706733,-2.807566421005191
13.269591764850492,-2.8052997487141664
13.255512962032421,-2.8030311245995185
13.24143427640515,-2.8007605485700267
13.227355708123602,-2.7984880204998825
13.213277257345045,-2.796213540227989
13.199198924229059,-2.793937107558698
13.185120708937628,-2.7916587222603466
13.171042611635068,-2.789378384066832
13.156964632488084,-2.787096092676661
13.142886771665774,-2.784811847753229
13.128809029339733,-2.7825256489230403
13.114731405683933,-2.7802374957780995
13.100653900874766,-2.7779473878754355
13.086576515091178,-2.7756553247347227
13.072499248514518,-2.7733613058413917
13.058422101328746,-2.77106533064298
13.044345073720287,-2.7687673985520784
13.03026816587807,-2.7664675089456736
13.016191377993634,-2.76416566116371
13.002114710261065,-2.761861854510193
12.9880381628771,-2.759556088251713
12.97396173604103,-2.75724836161931
12.95988542995479,-2.7549386738071884
12.945809244822954,-2.7526270239729302
12.931733180852827,-2.7503134112360783
12.917657238254314,-2.7479978346808616
12.903581417240082,-2.7456802933533417
12.889505718025498,-2.743360786262815
12.87543014082876,-2.741039312379814
12.86135468587066,-2.7387158706404042
12.847279353374928,-2.7363904599404325
12.833204143568052,-2.7340630791388896
12.81912905667935,-2.7317337270569024
12.805054092940903,-2.7294024024791863
12.790979252587814,-2.7270691041496655
12.776904535857987,-2.724733830775676
12.762829942992202,-2.722396581026882
12.748755474234258,-2.7200573535328934
12.73468112983087,-2.7177161468855555
12.72060691003166,-2.715372959639161
12.706532815089343,-2.7130277903075948
12.69245884525968,-2.7106806373652366
12.678385000801326,-2.7083314992501
12.664311281976136,-2.705980374358564
12.650237689049009,-2.7036272610485215
12.636164222287942,-2.701272157638557
12.622090881964061,-2.698915062407805
12.60801766835175,-2.6965559735938753
12.593944581728461,-2.6941948893964995
12.579871622374897,-2.6918318079746633
12.565798790574975,-2.6894667274473956
12.551726086615902,-2.6870996458928635
12.537653510788195,-2.684730561348317
12.523581063385684,-2.6823594718101584
12.509508744705379,-2.679986375236868
12.495436555047872,-2.677611269541882
12.481364494717033,-2.675234152599646
12.467292564020108,-2.672855022243861
12.453220763267929,-2.6704738762642823
12.439149092774661,-2.668090712411486
12.42507755285807,-2.6657055283924223
12.411006143839371,-2.663318321873383
12.396934866043388,-2.6609290904776683
12.382863719798465,-2.658537831787307
12.368792705436707,-2.656144543339252
12.354721823293698,-2.6537492226307284
12.340651073708809,-2.65135186711405
12.326580457025063,-2.6489524741994113
12.312509973589258,-2.646551041253078
12.298439623751939,-2.6441475655982134
12.28436940786741,-2.6417420445150532
12.27029932629392,-2.6393344752380243
12.256229379393474,-2.6369248549593656
12.242159567532042,-2.634513180825914
12.228089891079533,-2.632099449939946
12.214020350409708,-2.6296836593609414
12.199950945900511,-2.627265806100447
12.185881677933693,-2.6248458871287883
12.171812546895351,-2.6224238993662077
12.157743553175502,-2.6199998396906445
12.143674697168352,-2.6175737049334282
12.129605979272224,-2.615145491881027
12.115537399889723,-2.6127151972725313
12.101468959427777,-2.6102828177994337
12.087400658297481,-2.6078483501086516
12.073332496914329,-2.6054117907990917
12.059264475698104,-2.6029731364237847
12.045196595073183,-2.6005323834853153
12.031128855468182,-2.5980895284421885
12.017061257316302,-2.595644567703451
12.002993801055325,-2.5931974976291037
11.988926487127527,-2.5907483145322074
11.974859315979835,-2.588297014676537
11.960792288063837,-2.585843594276915
11.946725403835801,-2.5833880494994284
11.932658663756767,-2.58093037646026
11.918592068292629,-2.5784705712249
11.904525617914018,-2.5760086298105063
11.890459313096454,-2.573544548183923
11.876393154320487,-2.571078322259727
11.86232714207158,-2.5686099479028646
11.848261276840246,-2.566139420926627
11.83419555912205,-2.5636667370934565
11.820129989417737,-2.5611918921130217
11.806064568233165,-2.5587148816441374
11.79199929607945,-2.556235701292726
11.777934173473076,-2.5537543466105586
11.763869200935707,-2.5512708130990958
11.74980437899456,-2.5487850962036167
11.735739708182155,-2.5462971913181307
11.721675189036617,-2.5438070937809347
11.70761082210151,-2.5413147988778793
11.693546607926198,-2.5388203018370668
11.679482547065518,-2.5363235978347896
11.665418640080235,-2.5338246819887917
11.651354887536659,-2.5313235493650605
11.637291290007168,-2.528820194969886
11.623227848070014,-2.5263146137537564
11.609164562309298,-2.523806800612412
11.595101433315298,-2.521296750382002
11.58103846168441,-2.5187844578410066
11.566975648019078,-2.516269917711761
11.552912992928045,-2.51375312465725
11.538850497026377,-2.5112340732813805
11.524788160935525,-2.508712758128621
11.510725985283356,-2.5061891736843167
11.49666397070421,-2.503663314374426
11.482602117839138,-2.5011351745624957
11.468540427335679,-2.4986047485539586
11.454478899848342,-2.49607203058913
11.440417536038215,-2.493537014850351
11.426356336573452,-2.4909996954548745
11.412295302129081,-2.4884600664588064
11.39823443338719,-2.4859181218549318
11.384173731037041,-2.4833738555716334
11.370113195775037,-2.4808272614744555
11.356052828305,-2.478278333362341
11.341992629338055,-2.4757270649704077
11.32793259959278,-2.473173449968547
11.3138727397953,-2.470617481960674
11.299813050679514,-2.4680591544821504
11.285753532986936,-2.4654984610032056
11.27169418746696,-2.4629353949256503
11.257635014876994,-2.460369949581666
11.243576015982246,-2.457802118238503
11.229517191556344,-2.45523189408913
11.215458542380938,-2.452659270260013
11.201400069246056,-2.4500842398063956
11.187341772950209,-2.4475067957114884
11.173283654300343,-2.444926930888589
11.159225714112202,-2.4423446381763494
11.145167953210127,-2.439759910342981
11.131110372427456,-2.4371727400811767
11.11705297260647,-2.4345831200101204
11.10299575459851,-2.4319910426748077
11.088938719264133,-2.429396500544769
11.074881867473273,-2.426799486012858
11.060825200105342,-2.4241999913947665
11.046768718049307,-2.4215980089292053
11.032712422203803,-2.4189935307775063
11.018656313477434,-2.416386549019953
11.004600392788587,-2.413777055660386
10.99054466106595,-2.4111650426192486
10.976489119248441,-2.4085505017361375
10.96243376828515,-2.4059334247722814
10.948378609135977,-2.4033138034017747
10.934323642771329,-2.4006916292181404
10.92026887017254,-2.3980668937289353
10.906214292331857,-2.3954395883578634
10.892159910252545,-2.3928097044445513
10.878105724949428,-2.3901772332377575
10.864051737448651,-2.3875421659006344
10.8499979487879,-2.384904493509295
10.835944360016779,-2.3822642070483724
10.821890972196735,-2.3796212974141167
10.807837786401446,-2.376975755410107
10.79378480371683,-2.374327571748974
10.77973202524136,-2.3716767370493925
10.765679452086077,-2.369023241837852
10.751627085375043,-2.366367076543475
10.73757492624524,-2.3637082315017377
10.723522975847047,-2.3610466969489776
10.709471235344173,-2.358382463025794
10.695419705914123,-2.355715519771691
10.681368388748265,-2.353045857126415
10.667317285051931,-2.350373464930612
10.653266396044932,-2.347698332920151
10.639215722961586,-2.345020450728093
10.62516526705101,-2.342339807882505
10.61111502957723,-2.339656393807347
10.597065011819605,-2.3369701978183754
10.583015215073084,-2.334281209121828
10.568965640648212,-2.331589416816923
10.554916289871697,-2.328894809889858
10.540867164086269,-2.326197377218826
10.526818264651645,-2.3234971075618827
10.512769592943993,-2.320793989568257
10.498721150356708,-2.3180880117693214
10.484672938300703,-2.3153791625771327
10.47062495820432,-2.3126674302891574
10.456577211514189,-2.309952803078012
10.442529699695065,-2.307235268997505
10.428482424230536,-2.304514815975041
10.414435386622884,-2.301791431817277
10.400388588393904,-2.2990651042011416
10.386342031084954,-2.2963358206766684
10.372295716257328,-2.2936035686650347
10.358249645492828,-2.290868335453778
10.344203820393785,-2.28813010820034
10.330158242583776,-2.285388873925148
10.31611291370783,-2.2826446195126686
10.302067835432826,-2.2798973317096074
10.288023009447953,-2.2771469971222627
10.273978437465242,-2.2743936022129656
10.25993412121966,-2.2716371333033027
10.245890062469801,-2.268877576568224
10.231846262998603,-2.266114918030253
10.217802724613025,-2.263349143569132
10.203759449145448,-2.260580238906043
10.189716438453507,-2.257808189611223
10.17567369442082,-2.2550329810984255
10.161631218957732,-2.25225459861942
10.147589014001248,-2.249473027270592
10.133547081516168,-2.2466882519817206
10.119505423495625,-2.2439002575142597
10.105464041961099,-2.241109028466939
10.091422938963616,-2.238314549264641
10.07738211658411,-2.235516804159281
10.063341576934118,-2.232715777226399
10.049301322156225,-2.229911452365482
10.035261354425009,-2.22710381329303
10.021221675947677,-2.2242928435405376
10.007182288964637,-2.221478526453656
9.993143195750175,-2.2186608451900653
9.979104398613597,-2.215839782710532
9.965065899899422,-2.213015321784554
9.95102770198878,-2.210187444978221
9.936989807299806,-2.2073561346573434
9.922952218288572,-2.204521372982961
9.908914937448241,-2.201683141933219
9.894877967317148,-2.1988414231936826
9.880841310468954,-2.1959961983134355
9.866804969520734,-2.1931474485956803
9.852768947132203,-2.1902951551202583
9.838733246006727,-2.187439298739868
9.824697868892388,-2.1845798600760546
9.810662818583067,-2.181716819515279
9.796628097919575,-2.1788501572047148
9.782593709790811,-2.1759798530480143
9.768559657134972,-2.1731058867010242
9.754525942940786,-2.1702282375673034
9.740492570248815,-2.1673468847934236
9.726459542152767,-2.1644618072644795
9.712426861800889,-2.161572983599067
9.69839453239739,-2.1586803921443827
9.684362557203912,-2.1557840109712236
9.670330939541063,-2.1528838178685894
9.65629968279001,-2.1499797903384086
9.642268790394107,-2.147071905589987
9.628238265860617,-2.144160140534241
9.61420811276246,-2.141244471777996
9.600178334740068,-2.1383248756177795
9.586148935503264,-2.1354013280338227
9.572119918833254,-2.1324738046835385
9.558091288584672,-2.1295422808950555
9.544063048687715,-2.1266067316603645
9.530035203150351,-2.1236671316285363
9.516007756060633,-2.1207234550983305
9.501980711589077,-2.117775676011062
9.487954073991173,-2.1148237679427493
9.473927847609955,-2.1118677040965226
9.459902036878725,-2.10890745729436
9.445876646323851,-2.1059429999687955
9.431851680567696,-2.102974304154413
9.41782714433168,-2.100001341478882
9.403803042439455,-2.097024083153857
9.389779379820244,-2.094042499965456
9.375756161512292,-2.091056562264585
9.361733392666501,-2.088066239956848
9.34771107855021,-2.0850715024920583
9.333689224551147,-2.082072318853554
9.31966783618156,-2.079068657547121
9.305646919082559,-2.076060486589262
9.291626479028622,-2.0730477734955866
9.277606521932354,-2.0700304852682816
9.26358705384944,-2.067008588383486
9.249568080983869,-2.0639820487778904
9.235549609693368,-2.060950831835391
9.221531646495157,-2.057914902372669
9.20751419807195,-2.0548742246245006
9.193497271278275,-2.0518287622287072
9.179480873147122,-2.0487784782101883
9.165465010896924,-2.0457233349646344
9.151449691938902,-2.042663294241497
9.137434923884816,-2.0395983171262744
9.123420714555113,-2.036528364022218
9.109407071987523,-2.0334533946312745
9.095394004446131,-2.030373367934203
9.081381520430952,-2.027288242170032
9.067369628688052,-2.0241979748144887
9.053358338220226,-2.0211025225578223
9.039347658298325,-2.0180018412814382
9.025337598473223,-2.0148958860337114
9.011328168588507,-2.011784611004759
8.997319378793936,-2.008667969500004
8.983311239559702,-2.0055459139128615
8.969303761691611,-2.00241839569589
8.955296956347174,-1.9992853653309666
8.941290835052765,-1.9961467722979176
8.927285409721863,-1.9930025650418604
8.913280692674507,-1.9898526909389005
8.89927669665803,-1.9866970962604353
8.885273434869227,-1.9835357261355273
8.87127092097801,-1.9803685245117006
8.85726916915274,-1.977195434113738
8.843268194087353,-1.9740163964003923
8.829268011030418,-1.970831351519152
8.815268635816361,-1.9676402382585174
8.801270084898974,-1.9644429939979566
8.787272375387486,-1.9612395546553458
8.77327552508541,-1.95802985463141
8.759279552532417,-1.9548138267515154
8.745284477049564,-1.9515914022041478
8.731290318788185,-1.948362510476051
8.717297098782824,-1.9451270792837487
8.703304839008615,-1.9418850345014644
8.689313562443594,-1.938636300084484
8.675323293136447,-1.9353807979884865
8.661334056280293,-1.932118448084023
8.647345878293176,-1.9288491680657036
8.633358786906014,-1.9255728733562072
8.619372811258863,-1.9222894770042094
8.605387982006494,-1.9189988895758814
8.59140433143436,-1.9157010190397807
8.577421893586278,-1.9123957706439763
8.56344070440525,-1.9090830467854754
8.549460801889134,-1.905762746870794
8.535482226263095,-1.9024347671671227
8.521505020171096,-1.8990990006434028
8.507529228889036,-1.8957553368002482
8.493554900562584,-1.892403661487883
8.479582086473272,-1.889043856711006
8.465610841337007,-1.885675800419425
8.451641223639962,-1.8822993662831156
8.437673296017605,-1.8789144234506503
8.42370712568386,-1.8755208362887419
8.409742784918555,-1.8721184641022783
8.395780351623136,-1.8687071608318728
8.381819909956477,-1.8652867747279525
8.367861551065248,-1.861857147998529
8.353905373926391,-1.8584181164287592
8.33995148632319,-1.8549695089694322
8.326000005981408,-1.8515111472923604
8.312051061898364,-1.8480428453094615
8.298104795905951,-1.8445644086533712
8.284161364519202,-1.8410756341168368
8.270220941135843,-1.8375763090490378
8.256283718670536,-1.8340662107076176
8.242349912731797,-1.8305451055663022
8.228419765482329,-1.827012748581102
8.214493550368205,-1.8234688824199268
8.200571577963707,-1.819913236668653
8.186654203264974,-1.8163455270329159
8.172741834887555,-1.8127654545717986
8.158834946799441,-1.8091727050198119
8.14493409347982,-1.8055669482908507
8.13103992978119,-1.801947838315894
8.117153237365,-1.7983150134605463
8.103274960508895,-1.7946680979279335
8.089406255576197,-1.7910067048229772
8.07554856091182,-1.7873304420256095
8.061703698167664,-1.783638922871732
8.04787402360845,-1.779931785221708
8.034062661983482,-1.7762087255609351
8.02027388296728,-1.7724695609907575
8.006513736782741,-1.7687143452227738
7.9927911896095125,-1.7649435945749095
7.979120284440373,-1.7611587500691577
7.965524486635639,-1.7573631573693111
7.952050354674195,-1.753565474029638
7.940691677009189,-1.7503302912115504
7.931777258443803,-1.7477636330350608
7.924527255110985,-1.7456507586137964
7.921600318734564,-1.744786503037105
7.922512587263536,-1.7450604770232931
7.925462742004903,-1.7459539925721195
7.931366879017926,-1.7477607118746394
7.944232696042505,-1.7517518108301933
7.957527543153021,-1.755932625984203
7.971000177953805,-1.7602162586645829
7.984568613577198,-1.7645715045080081
7.998196144233846,-1.7689829545532745
8.011863276193253,-1.7734415732094144
8.025558462586634,-1.7779414533533373
8.039274321599928,-1.7824784329771366
8.053005860015661,-1.7870494158328865
8.066749550105143,-1.7916520020795046
8.08050281182961,-1.7962842713992495
8.094263704401145,-1.8009446477118973
8.108030733412741,-1.8056318105772484
8.121802725302343,-1.8103446348015846
8.135578742845087,-1.8150821478665098
8.149358026608438,-1.8198434990548
8.163139953377067,-1.8246279365062585
8.176924005984688,-1.8294347898017331
8.190709751003661,-1.8342634564965046
8.204496821965838,-1.8391133915362732
8.218284906552476,-1.8439840988171143
8.23207373668158,-1.8488751243678523
8.245863080743398,-1.8537860507786692
8.25965273745103,-1.858716492600125
8.273442530920851,-1.8636660925075912
8.287232306700444,-1.8686345180758355
8.301021928534219,-1.8736214590455005
8.314811275709161,-1.8786266249893229
8.328600240860833,-1.8836497433067882
8.342388728147682,-1.888690557490032
8.356176651722325,-1.8937488256160866
8.369963934444092,-1.8988243190287204
8.383750506788836,-1.9039168211806254
8.397536305921081,-1.9090261266118211
8.411321274900613,-1.9141520400441803
8.42510536200096,-1.9192943755758314
8.4388885201215,-1.9244529559617418
8.452670706278349,-1.9296276119690832
8.46645188116178,-1.93481818179748
8.480232008750136,-1.9400245105561733
8.494011055971889,-1.9452464497909825
8.507788992408855,-1.9504838570553962
8.521565790034822,-1.9557365955202786
8.535341422984663,-1.961004533618069
8.549115867349798,-1.9662875447178034
8.562889100996594,-1.9715855068270183
8.576661103404636,-1.976898302318654
8.590431855522432,-1.9822258176793208
8.604201339638317,-1.9875679432777282
8.617969539264744,-1.9929245731506209
8.631736439034322,-1.9982956048048934
8.64550202460627,-2.0036809390341515
8.659266282582017,-2.0090804797485706
8.67302920042896,-2.014494133816754
8.68679076641147,-2.019921810918354
8.700550969528305,-2.0253634234069557
8.714309799455805,-2.0308188861818115
8.728067246496197,-2.036288116568178
8.741823301530522,-2.0417710342051034
8.755577955975662,-2.0472675609405133
8.769331201745118,-2.052777620732537
8.783083031213087,-2.058301139557038
8.79683343718159,-2.0638380453205123
8.810582412850298,-2.0693882677781983
8.824329951788823,-2.074951738456886
8.838076047911258,-2.080528390582079
8.851820695452712,-2.0861181590093762
8.865563888947735,-2.0917209801592627
8.87930562321035,-2.0973367919559616
8.893045893315666,-2.102965533769113
8.90678469458286,-2.108607146358732
8.920522022559433,-2.1142615718229383
8.934257873006612,-2.1199287535484803
8.947992241885853,-2.1256086361634985
8.961725125346295,-2.1313011654928355
8.975456519713092,-2.1370062885155807
8.989186421476612,-2.142723953324416
9.00291482728234,-2.148454109087239
9.016641733921533,-2.154196706010124
9.030367138322465,-2.159951695302506
9.044091037542282,-2.1657190291436503
9.057813428759419,-2.1714986606506823
9.071534309266493,-2.1772905438480934
9.08525367646369,-2.18309463363855
9.098971527852555,-2.18891088577501
9.112687861030201,-2.194739256834047
9.126402673683886,-2.200579704190196
9.140115963585924,-2.20643218599154
9.15382772858893,-2.2122966611361794
9.167537966621348,-2.218173089249723
9.181246675683257,-2.2240614306637054
9.194953853842447,-2.2299616463948015
9.208659499230711,-2.2358736981249754
9.222363610040377,-2.241797548182298
9.236066184521057,-2.2477331595224554
9.249767220976537,-2.25368049571134
9.263466717761935,-2.2596395209076885
9.277164673280936,-2.2656101998469715
9.290861085983263,-2.2715924978254347
9.30455595436223,-2.2775863806850443
9.318249276952493,-2.283591814798753
9.331941052327872,-2.289608767056473
9.34563127909935,-2.295637204851373
9.359319955913145,-2.3016770960668134
9.373007081448902,-2.307728409063703
9.386692654417999,-2.313791112668166
9.400376673561924,-2.3198651761598312
9.414059137650746,-2.325950569260422
9.427740045481688,-2.332047262122653
9.441419395877753,-2.3381552253196514
9.455097187686443,-2.3442744298345897
9.468773419778524,-2.350404847050796
9.482448091046882,-2.3565464487420487
9.49612120040543,-2.362699207063243
9.509792746788053,-2.3688630945414473
9.52346272914766,-2.375038084066963
9.53713114645522,-2.3812241488850576
9.550797997698892,-2.387421262587658
9.564463281883192,-2.393629399105349
9.578126998028191,-2.399848532699795
9.591789145168775,-2.4060786379560604
9.605449722353924,-2.4123196897755035
9.619108728646028,-2.418571663368722
9.632766163120253,-2.424834534248641
9.646422024863927,-2.431108278223975
9.660076312975962,-2.437392871392702
9.673729026566297,-2.4436882901358903
9.68738016475539,-2.4499945111115506
9.701029726673701,-2.456311511248827
9.714677711461254,-2.4626392677420412
9.728324118267134,-2.468977758045508
9.741968946249116,-2.4753269598677177
9.755612194573239,-2.4816868511662595
9.769253862413404,-2.48805741014274
9.78289394895104,-2.4944386152376397
9.796532453374734,-2.500830445125591
9.810169374879912,-2.5072328787105818
9.82380471266851,-2.513645895121459
9.83743846594871,-2.5200694737072307
9.85107063393461,-2.5265035940329748
9.864701215845987,-2.532948235875435
9.878330210908025,-2.5394033792189474
9.891957618351084,-2.5458690042513417
9.905583437410455,-2.5523450913600945
9.91920766732615,-2.558831621128418
9.93283030734268,-2.565328574331649
9.946451356708868,-2.571835931933499
9.960070814677657,-2.5783536750825276
9.973688680505923,-2.584881785108729
9.98730495345431,-2.591420243520146
10.00091963278707,-2.5979690319994933
10.014532717771901,-2.6045281324010614
10.028144207679803,-2.6110975267475327
10.041754101784942,-2.6176771972268837
10.055362399364519,-2.624267126189414
10.068969099698624,-2.6308672961449364
10.082574202070154,-2.6374776897596943
10.09617770576466,-2.644098289853827
10.109779610070275,-2.6507290793984537
10.12337991427758,-2.657370041513176
10.136978617679526,-2.664021159463375
10.15057571957135,-2.6706824166576557
10.164171219250452,-2.677353796645548
10.177765116016365,-2.6840352831147825
10.191357409170623,-2.6907268598892573
10.204948098016734,-2.6974285109264167
10.218537181860079,-2.704140220315201
10.232124660007841,-2.7108619722738054
10.24571053176899,-2.717593751147297
10.259294796454164,-2.724335541405814
10.272877453375655,-2.7310873276422316
10.28645850184733,-2.7378490945703047
10.3000379411846,-2.7446208270225765
10.313615770704367,-2.751402509948466
10.327191989724973,-2.7581941284123785
10.34076659756617,-2.7649956675918244
10.354339593549074,-2.7718071127755888
10.367910976996127,-2.7786284493620017
10.381480747231068,-2.7854596628570962
10.395048903578905,-2.792300738872936
10.408615445365866,-2.799151663125991
10.422180371919396,-2.8060124214353896
10.435743682568107,-2.8128829997214155
10.449305376641773,-2.8197633840038425
10.462865453471295,-2.826653560400432
10.476423912388686,-2.833553515125416
10.489980752727051,-2.840463234487973
10.503535973820568,-2.847382704890831
10.517089575004475,-2.8543119128287766
10.530641555615036,-2.86125084488735
10.544191914989561,-2.868199487741353
10.557740652466364,-2.875157828153596
10.571287767384778,-2.8821258529734664
10.584833259085102,-2.889103549135852
10.598377126908645,-2.896090903659603
10.61191937019768,-2.9030879036464703
10.625459988295459,-2.910094536279804
10.638998980546184,-2.9171107888233996
10.652536346295026,-2.9241366486202693
10.666072084888098,-2.931172103091584
10.679606195672475,-2.9382171397353853
10.69313867799618,-2.945271746125572
10.706669531208167,-2.952335909910866
10.72019875465834,-2.959409618813651
10.73372634769755,-2.9664928606289025
10.747252309677595,-2.9735856232232005
10.760776639951201,-2.9806878945337667
10.774299337872057,-2.987799662567337
10.787820402794782,-2.9949209153993204
10.801339834074952,-3.002051641172766
10.814857631069096,-3.0091918280974004
10.828373793134695,-3.0163414644487445
10.841888319630188,-3.023500538567196
10.855401209914977,-3.0306690388571473
10.868912463349428,-3.0378469537860675
10.88242207929488,-3.0450342718836882
10.895930057113656,-3.052230981741079
10.909436396169053,-3.0594370720099207
10.922941095825363,-3.0666525314015662
10.936444155447864,-3.073877348686385
10.949945574402838,-3.081111512692848
10.963445352057585,-3.08835501230674
10.976943487780408,-3.0956078364705175
10.990439980940637,-3.1028699741824446
11.003934830908637,-3.1101414144958865
11.017428037055799,-3.1174221465186345
11.030919598754574,-3.1247121594120792
11.044409515378455,-3.1320114423906342
11.057897786302,-3.139319984720975
11.071384410900846,-3.1466377757213397
11.084869388551699,-3.153964804760943
11.098352718632361,-3.1613010612592096
11.111834400521722,-3.1686465346852595
11.125314433599792,-3.1760012145571266
11.138792817247683,-3.1833650904412623
11.152269550847636,-3.190738151951857
11.165744633783033,-3.1981203887502097
11.179218065438397,-3.2055117905441644
11.192689845199395,-3.212912347087585
11.206159972452863,-3.220322048179683
11.219628446586823,-3.2277408836644166
11.233095266990455,-3.2351688434301296
11.24656043305415,-3.242605917408785
11.260023944169493,-3.2500520955755365
11.273485799729292,-3.2575073679481337
11.286945999127559,-3.26497172458651
11.30040454175955,-3.272445155592145
11.313861427021765,-3.2799276511075988
11.327316654311955,-3.287419201316011
11.34077022302913,-3.2949197964406447
11.354222132573579,-3.302429426744321
11.367672382346864,-3.3099480825290515
11.381120971751846,-3.3174757541354745
11.394567900192696,-3.3250124319423935
11.408013167074875,-3.3325581063664553
11.421456771805202,-3.340112767861441
11.434898713791803,-3.347676406918105
11.448338992444157,-3.355249014063562
11.461777607173088,-3.362830579860953
11.475214557390792,-3.3704210949089473
11.488649842510844,-3.378020549841339
11.502083461948189,-3.3856289353267
11.515515415119173,-3.3932462420679097
11.528945701441549,-3.400872460801779
11.54237432033447,-3.4085075822986926
11.555801271218533,-3.4161515973621315
11.569226553515751,-3.42380449682838
11.582650166649577,-3.431466271566178
11.596072110044936,-3.4391369124761733
11.609492383128195,-3.4468164104908037
11.622910985327211,-3.454504756573697
11.636327916071306,-3.4622019417195253
11.649743174791302,-3.469907956953508
11.663156760919518,-3.477622793331161
11.676568673889793,-3.485346441937861
11.689978913137471,-3.493078893888636
11.703387478099433,-3.500820140327737
11.716794368214089,-3.508570172428388
11.730199582922143,-3.5163289813884733
11.74360312166318,-3.5240965584482873
11.757004983881545,-3.5318728948592737
11.770405169022402,-3.53965798190484
11.78380367653166,-3.5474518108993864
11.797200505856518,-3.555254373186832
11.810595656446194,-3.5630656601351336
11.823989127753793,-3.5708856631272856
11.83738091922934,-3.578714373596666
11.85077103032879,-3.5865517829801155
11.864159460507619,-3.594397882751399
11.87754620922352,-3.602252664406429
11.890931275935369,-3.6101161194691684
11.904314660104117,-3.617988239485402
11.917696361192686,-3.6258690160248457
11.931076378665704,-3.633758440680801
11.944454711987705,-3.6416565050800553
11.957831360628152,-3.6495632008563423
11.971206324054023,-3.6574785196888064
11.984579601738181,-3.665402453258095
11.997951193153058,-3.673334993279137
12.011321097772504,-3.681276131491418
12.024689315072289,-3.689225859655771
12.038055844532401,-3.6971841695430228
12.051420685631708,-3.7051510529605984
12.064783837851085,-3.7131265017364465
12.078145300673867,-3.721110507717106
12.091505073583766,-3.7291030627770314
12.104863156069403,-3.7371041587964844
12.118219547618766,-3.745113787688968
12.131574247723004,-3.753131941381878
12.144927255873588,-3.7611586118304436
12.158278571564848,-3.7691937910053723
12.171628194290195,-3.7772374709109937
12.184976123550053,-3.7852896435456884
12.198322358842082,-3.793350300950782
12.211666899668964,-3.801419435171066
12.225009745533608,-3.8094970382790425
12.238350895939732,-3.817583102371284
12.251690350395391,-3.825677619551341
12.265028108407918,-3.833780581954255
12.278364169489828,-3.8418919817174175
12.291698533150912,-3.8500118110194554
12.305031198906551,-3.858140062038792
12.318362166274484,-3.866276726969937
12.331691434770423,-3.874421798044508
12.345019003916178,-3.882575267491109
12.358344873232177,-3.8907371275724114
12.371669042242482,-3.8989073705598427
12.38499151047337,-3.907085988740757
12.398312277451867,-3.9152729744252337
12.411631342707025,-3.9234683199400635
12.42494870577198,-3.931672017618011
12.438264366179057,-3.9398840598222105
12.451578323463176,-3.948104438928918
12.464890577162812,-3.9563331473229115
12.478201126814874,-3.9645701774224693
12.491509971963644,-3.9728155216352827
12.50481711215058,-3.9810691724084855
12.518122546920514,-3.9893311221979
12.531426275820822,-3.99760136347229
12.54472829840087,-4.005879888715963
12.558028614211517,-4.014166690430622
12.571327222806843,-4.022461761127498
12.584624123740364,-4.030765093344963
12.597919316570104,-4.039076679624419
12.611212800853867,-4.047396512532565
12.624504576155232,-4.055724584632735
12.637794642034395,-4.064060888528654
12.651082998058374,-4.072405416815432
12.664369643793243,-4.080758162116594
12.677654578808152,-4.08911911706478
12.690937802676185,-4.09748827429751
12.704219314968364,-4.10586562648581
12.717499115259553,-4.114251166305783
12.730777203129188,-4.122644886435268
12.744053578155425,-4.13104677958132
12.75732823992024,-4.139456838456149
12.770601188005223,-4.147875055796631
12.783872421998325,-4.156301424332608
12.797141941486224,-4.164735936822716
12.81040974605755,-4.1731785860391994
12.823675835304806,-4.181629364758378
12.836940208822819,-4.190088265768496
12.85020286620532,-4.198555281884925
12.863463807052128,-4.2070304059171955
12.876723030962449,-4.215513630699546
12.889980537538957,-4.224004949072301
12.903236326385308,-4.2325043538931855
12.91649039710663,-4.241011838034784
12.929742749313867,-4.2495273943644865
12.942993382615432,-4.258051015783101
12.95624229662516,-4.266582695187873
12.96948949095703,-4.275122425496972
12.982734965228783,-4.283670199632307
12.99597871905812,-4.29222601053758
13.009220752067376,-4.300789851156089
13.022461063878875,-4.309361714452432
13.035699654117439,-4.317941593400679
13.048936522412639,-4.326529480973908
13.062171668391779,-4.335125370176764
13.075405091687418,-4.343729254010201
13.088636791932734,-4.352341125493316
13.1018667687647,-4.360960977648212
13.11509502182127,-4.369588803513162
13.12832155074252,-4.378224596137207
13.141546355169957,-4.386868348582959
13.154769434749932,-4.395520053911524
13.167990789127224,-4.404179705211177
13.18121041795031,-4.4128472955736955
13.194428320874012,-4.4215228180817086
13.207644497546795,-4.430206265867042
13.220858947626583,-4.438897632038239
13.234071670771186,-4.447596909724262
13.247282666637014,-4.456304092080213
13.260491934890192,-4.465019172236656
13.273699475190716,-4.473742143371788
13.286905287208036,-4.482472998640405
13.300109370608155,-4.491211731232346
13.313311725062606,-4.499958334331897
13.326512350243332,-4.508712801140734
13.339711245826091,-4.517475124862793
13.352908411486549,-4.526245298721402
13.366103846904748,-4.535023315939339
13.37929755176263,-4.543809169749907
13.39248952574212,-4.552602853405557
13.405679768529927,-4.5614043601559935
13.418868279813289,-4.570213683267506
13.432055059282797,-4.579030816010091
13.445240106630543,-4.587855751665818
13.458423421551968,-4.596688483520316
13.471605003741251,-4.605529004883456
13.484784852899507,-4.6143773090527205
13.497962968727165,-4.623233389347068
13.511139350927527,-4.632097239091021
13.524313999205564,-4.640968851620028
13.537486913268454,-4.649848220277979
13.550658092827492,-4.658735338408639
13.563827537594012,-4.667630199373809
13.576995247280754,-4.676532796547124
13.59016122160544,-4.685443123298048
13.603325460287124,-4.694361173008241
13.616487963046037,-4.703286939072041
13.629648729604986,-4.712220414890095
13.642807759689681,-4.721161593868242
13.655965053026717,-4.730110469425982
13.669120609347921,-4.739067034977503
13.682274428381822,-4.748031283969082
13.695426509864205,-4.757003209832651
13.708576853531946,-4.765982806012798
13.721725459121915,-4.774970065971674
13.734872326375937,-4.78396498316699
13.748017455036488,-4.79296755107096
13.761160844848265,-4.801977763163324
13.774302495559793,-4.8109956129243985
13.787442406919034,-4.820021093854042
13.800580578678918,-4.829054199447479
13.813717010591796,-4.838094923219648
13.826851702416576,-4.847143258673844
13.83998465390831,-4.856199199347124
13.853115864829176,-4.86526273876243
13.866245334943228,-4.874333870451388
13.879373064012768,-4.88341258797013
13.892499051806697,-4.8924988848627216
13.905623298093593,-4.901592754691504
13.918745802645853,-4.910694191018894
13.931866565237604,-4.9198031874163135
13.944985585643925,-4.928919737467751
13.958102863643388,-4.938043834758499
13.971218399016172,-4.947175472883434
13.984332191544441,-4.95631464544526
13.99744424101573,-4.965461346039869
14.010554547214255,-4.974615568293838
14.02366310993037,-4.983777305823487
14.036769928956325,-4.99294655225323
14.049875004084564,-5.002123301222919
14.062978335111966,-5.0113075463693395
14.076079921836476,-5.020499281340958
14.089179764059173,-5.02969849978872
14.102277861580696,-5.038905195381443
14.115374214207963,-5.048119361777174
14.128468821746829,-5.05734099265421
14.141561684007238,-5.066570081689355
14.154652800799107,-5.075806622575335
14.167742171938578,-5.085050608994081
14.180829797239552,-5.094302034652822
14.193915676520563,-5.1035608932546745
14.206999809602165,-5.112827178509923
14.2200821963069,-5.122100884135838
14.233162836459375,-5.131382003856745
14.246241729885666,-5.140670531405893
14.259318876416147,-5.149966460514059
14.27239427588277,-5.159269784920669
14.28546792811616,-5.168580498386166
14.298539832954791,-5.177898594653138
14.311609990234613,-5.187224067490079
14.324678399797598,-5.196556910655483
14.33774506148536,-5.2058971179244535
14.350809975142532,-5.21524468307459
14.363873140614768,-5.224599599894357
14.376934557752458,-5.233961862167307
14.389994226406973,-5.2433314636881265
14.403052146429685,-5.252708398266287
14.416108317677228,-5.262092659704284
14.429162740008586,-5.271484241809753
14.442215413282248,-5.280883138407213
14.45526633736006,-5.290289343322077
14.468315512106924,-5.2997028503817365
14.481362937389354,-5.309123653421705
14.49440861307578,-5.318551746284231
14.507452539037514,-5.327987122814171
14.520494715147931,-5.337429776862665
14.533535141281982,-5.3468797022886845
14.54657381731542,-5.35633689296268
14.55961074313143,-5.365801342738642
14.572645918609338,-5.37527304550119
14.585679343633013,-5.384751995130526
14.598711018090096,-5.394238185505727
14.611740941867513,-5.40373161052318
14.624769114857656,-5.413232264071114
14.63779553695111,-5.422740140059553
14.650820208043639,-5.432255232391406
14.663843128033683,-5.44177753497284
14.676864296817811,-5.451307041731908
14.689883714301889,-5.460843746572806
14.70290138038352,-5.470387643447452
14.715917294973863,-5.479938726266672
14.728931457976715,-5.489496988985265
14.741943869305336,-5.499062425533405
14.75495452887153,-5.508635029861231
14.767963436587724,-5.5182147959303265
14.78097059237186,-5.527801717693645
14.793975996143663,-5.537395789110816
14.806979647822844,-5.546997004155367
14.819981547333416,-5.556605356797189
14.832981694599406,-5.5662208410197875
14.84598008954917,-5.575843450802991
14.858976732111788,-5.58547318013735
14.871971622219718,-5.595110023013412
14.884964759806659,-5.604753973430348
14.897956144808452,-5.614405025392371
14.91094577716354,-5.624063172906703
14.92393365681,-5.633728409995507
14.936919783694565,-5.643400730659718
14.949904157759306,-5.6530801289324915
14.962886778846789,-5.662766598766486
14.973678752877738,-5.670824978601132
14.981359135023572,-5.676563453181637
14.986825225256743,-5.680649281974641
14.990715491518117,-5.683558107422563
14.993484268346673,-5.685628831859765
14.995454879402606,-5.687102852605743
14.99685742492526,-5.688152076727183
14.997855665492395,-5.688898905625828
14.998566150680254,-5.689430481853992
14.999071830886919,-5.689808840795736
14.999431744003166,-5.69007814193661
14.999687909100743,-5.6902698186495
14.99987023259747,-5.69040624502941
15.0,-5.690503346503259
15.0,-5.690503346503259
15.000129767227213,-5.690600448682019
15.000312089885279,-5.69073687843399
15.000568252635189,-5.690928564586292
15.000928160144664,-5.691197888270678
15.001433827917163,-5.691576297207274
15.002144286640096,-5.692107979844674
15.003142472267772,-5.692855029641947
15.004544905549242,-5.693904705058769
15.006515289714327,-5.695379638079468
15.009283611174423,-5.69745219344621
15.013172968017495,-5.700364675451731
15.018637248270437,-5.70445778175203
15.02631403672492,-5.710210705731109
15.037098887573153,-5.718297726252929
15.050069730138963,-5.728031554897631
15.06303881959581,-5.737772409316094
15.076006155805135,-5.747520283504777
15.088971738736877,-5.757275171527869
15.101935568359718,-5.767037067467556
15.114897644644723,-5.776805965409598
15.127857967566692,-5.78658185943806
15.140816537100578,-5.796364743649428
15.153773353226661,-5.8061546121319285
15.166728415922133,-5.815951458999095
15.179681725172548,-5.82575527834419
15.192633280959427,-5.835566064289508
15.205583083271849,-5.845383810940111
15.218531132096071,-5.8552085124252375
15.231477427424998,-5.865040162860533
15.24442196924941,-5.874878756383035
15.257364757566279,-5.884724287117913
15.270305792372401,-5.8945767492038845
15.283245073665785,-5.904436136787563
15.296182601448706,-5.914302444011565
15.309118375724694,-5.924175665026046
15.322052396497208,-5.934055793994195
15.334984663777508,-5.943942825061156
15.347915177571432,-5.953836752405884
15.360843937892856,-5.963737570188427
15.37377094475626,-5.973645272578922
15.38669619817528,-5.983559853763376
15.399619698168916,-5.993481307919225
15.41254144475763,-6.0034096292306325
15.425461437962767,-6.013344811890811
15.438379677809248,-6.023286850091258
15.451296164323542,-6.033235738029939
15.464210897533865,-6.043191469910317
15.47712387746853,-6.0531540399477235
15.490035104163006,-6.063123442341924
15.502944577649645,-6.073099671317186
15.515852297967555,-6.083082721083626
15.528758265152995,-6.0930725858747445
15.541662479246371,-6.103069259920014
15.554564940292936,-6.11307273744238
15.567465648335663,-6.1230830126857105
15.580364603421057,-6.133100079892258
15.593261805600187,-6.1431239332987735
15.606157254921518,-6.153154567164124
15.61905095143966,-6.163191975735431
15.631942895209283,-6.173236153271631
15.64483308628527,-6.183287094042784
15.657721524731757,-6.193344792295304
15.670608210604925,-6.203409242318079
15.683493143970718,-6.21348043837445
15.696376324894073,-6.223558374743411
15.709257753439836,-6.23364304571626
15.722137429680545,-6.243734445566504
15.735015353685199,-6.253832568593118
15.747891525527585,-6.263937409088434
15.760765945283948,-6.274048961347191
15.773638613030215,-6.284167219677059
15.786509528847526,-6.294292178377486
15.799378692814395,-6.304423831769608
15.812246105016358,-6.314562174159494
15.825111765539457,-6.324707199862904
15.83797567446912,-6.334858903209448
15.850837831895298,-6.345017278523277
15.863698237910043,-6.355182320131949
15.876556892605015,-6.365354022376185
15.889413796077317,-6.375532379587457
15.902268948423803,-6.385717386109727
15.915122349743276,-6.395909036291032
15.927974000137034,-6.406107324481383
15.940823899709603,-6.41631224503002
15.953672048564387,-6.426523792301804
15.966518446809236,-6.436741960656214
15.979363094554694,-6.446966744453808
15.992205991910986,-6.457198138067834
16.0050471389897,-6.46743613587759
16.017886535908904,-6.477680732249259
16.030724182783963,-6.487931921570517
16.043560079732647,-6.498189698231196
16.056394226880077,-6.508454056604686
16.06922662434486,-6.518724991100138
16.08205727225388,-6.529002496106678
16.09488617073398,-6.539286566024874
16.10771331991477,-6.54957719525595
16.120538719925992,-6.559874378211805
16.13336237089906,-6.570178109309128
16.14618427297131,-6.580488382953547
16.15900442627649,-6.5908051935751555
16.171822830955893,-6.601128535586851
16.184639487147866,-6.61145840342358
16.19745439499732,-6.6217947915067095
16.210267554646506,-6.632137694278616
16.223078966241932,-6.642487106176619
16.235888629931843,-6.652843021642555
16.248696545867713,-6.663205435117193
16.261502714199395,-6.673574341058081
16.27430713508177,-6.683949733915099
16.28710980867156,-6.69433160814199
16.2999107351251,-6.704719958204799
16.312709914602767,-6.7151147785654075
16.325507347265958,-6.725516063692682
16.33830303327921,-6.73592380805466
16.35109697280611,-6.746338006133473
16.363889166013852,-6.756758652408797
16.376679613074323,-6.767185741353623
16.389468314157067,-6.777619267460191
16.402255269432384,-6.788059225228691
16.415040479078787,-6.798505609139616
16.427823943272568,-6.808958413692307
16.440605662191437,-6.819417633391392
16.453385636015305,-6.829883262744057
16.466163864927015,-6.840355296257197
16.478940349112147,-6.850833728438239
16.491715088755527,-6.861318553807881
16.50448808404388,-6.871809766890285
16.517259335170394,-6.882307362196478
16.530028842322896,-6.892811334267517
16.54279660569957,-6.903321677616983
16.55556262549022,-6.913838386799569
16.56832690189709,-6.924361456334898
16.5810894351162,-6.93489088077558
16.5938502253498,-6.94542665466199
16.60660927280189,-6.955968772538335
16.619366577674416,-6.966517228966731
16.63212214017526,-6.977072018497914
16.644875960514476,-6.987633135684939
16.657628038898608,-6.998200575104003
16.670378375542604,-7.008774331310863
16.68312697065981,-7.019354398877454
16.69587382446505,-7.029940772380448
16.708618937176528,-7.040533446394475
16.721362309014737,-7.051132415496014
16.734103940197453,-7.061737674281546
16.746843830949544,-7.072349217331979
16.75958198149572,-7.082967039238941
16.772318392064648,-7.093591134589852
16.785053062881396,-7.104221497995101
16.797785994178234,-7.1148581240492605
16.81051718618547,-7.125501007363937
16.823246639138816,-7.1361501425413
16.83597435327102,-7.146805524204111
16.848700328823778,-7.157467146953057
16.861424566032987,-7.168135005419514
16.874147065141187,-7.17880909422098
16.8868678263898,-7.1894894079888445
16.899586850025315,-7.2001759413462345
16.912304136291002,-7.21086868893772
16.92501968543862,-7.221567645387277
16.937733497716057,-7.232272805342691
16.950445573374903,-7.242984163448165
16.963155912667705,-7.253701714354373
16.97586451585236,-7.264425452702782
16.988571383183146,-7.275155373157308
17.001276514920516,-7.2858914703698
17.013979911324007,-7.296633739005054
17.026681572655995,-7.307382173727366
17.039381499181307,-7.318136769202203
17.052079691164653,-7.328897520104959
17.0647761488743,-7.339664421108131
17.077470872577784,-7.350437466896435
17.090163862548227,-7.3612166521443925
17.102855119057637,-7.372001971540139
17.115544642380204,-7.382793419773584
17.12823243279081,-7.393590991541802
17.140918490569096,-7.404394681534558
17.153602815994777,-7.415204484450997
17.166285409348284,-7.4260203949971535
17.178966270913104,-7.4368424078778
17.19164540097494,-7.447670517799395
17.204322799817927,-7.458504719483355
17.21699846773152,-7.469345007641871
17.229672405005612,-7.480191376994995
17.242344611933458,-7.491043822260369
17.255015088806296,-7.5019023381721235
17.267683835919435,-7.512766919459444
17.280350853570724,-7.523637560852051
17.29301614205749,-7.534514257090769
17.30567970168046,-7.545397002913893
17.31834153274056,-7.556285793068249
17.33100163554222,-7.56718062229777
17.343660010391172,-7.578081485351124
17.35631665759384,-7.588988376983783
17.36897157745566,-7.599901291963927
17.381624770292678,-7.610820225031963
17.39427623641186,-7.621745170969166
17.406925976130065,-7.632676124531509
17.419573989760316,-7.643613080497527
17.43222027761886,-7.654556033643684
17.444864840028423,-7.6655049787331055
17.457507677305216,-7.676459910560599
17.470148789772463,-7.687420823905834
17.482788177754486,-7.698387713553707
17.495425841575564,-7.709360574298361
17.508061781561356,-7.720339400938193
17.520695998041564,-7.7313241882667105
17.53332849134788,-7.742314931079506
17.545959261809685,-7.7533116241892435
17.55858830975988,-7.764314262405318
17.57121563553671,-7.775322840527785
17.58384123947349,-7.786337353382572
17.596465121911685,-7.7973577957765325
17.609087283187996,-7.80838416254184
17.621707723646875,-7.819416448492865
17.63432644362955,-7.830454648464062
17.646943443480495,-7.841498757287479
17.659558723546848,-7.852548769795015
17.6721722841759,-7.863604680826835
17.684784125719993,-7.8746664852146075
17.697394248526855,-7.885734177814645
17.71000265295158,-7.896807753466866
17.722609339347905,-7.907887207024606
17.735214308070198,-7.918972533347809
17.747817559479277,-7.930063727283118
17.760419093931628,-7.941160783700733
17.7730189117897,-7.952263697459267
17.785617013413475,-7.963372463434382
17.798213399169466,-7.974487076488208
17.810808069422755,-7.98560753149646
17.823401024539237,-7.9967338233407546
17.83599226488824,-8.007865946899601
17.84858179084086,-8.019003897054228
17.861169602767678,-8.030147668696173
17.873755701041723,-8.041297256717279
17.88634008603974,-8.052452656005403
17.898922758137513,-8.063613861460201
17.91150371771135,-8.074780867988121
17.924082965143864,-8.085953670482834
17.936660500813137,-8.097132263861814
17.949236325104014,-8.108316643028246
17.96181043839951,-8.119506802899961
17.974382841086445,-8.1307027383904
17.986953533551144,-8.141904444423222
17.999522516183845,-8.153111915917263
18.012089789375274,-8.164325147798232
18.024655353515037,-8.175544135003957
18.03721920899761,-8.186768872464356
18.049781356217263,-8.197999355118359
18.062341795573584,-8.2092355778955
18.07490052746139,-8.220477535749604
18.087457552280444,-8.231725223626286
18.100012870434636,-8.2429786364657
18.112566482322404,-8.254237769234553
18.12511838835078,-8.265502616878996
18.13766858892561,-8.276773174357622
18.15021708445256,-8.288049436637783
18.162763875339312,-8.299331398688318
18.17530896199768,-8.310619055472623
18.18785234483888,-8.321912401964248
18.200394024276886,-8.33321143313578
18.2129340007246,-8.344516143971601
18.22547227459871,-8.355826529451685
18.238008846316827,-8.367142584561035
18.250543716297635,-8.378464304289308
18.263076884963347,-8.3897916836226
18.275608352733084,-8.401124717565338
18.28813812003151,-8.41246340111169
18.300666187284797,-8.423807729258991
18.31319255491758,-8.435157697017646
18.325717223358268,-8.446513299393768
18.338240193037517,-8.457874531393955
18.350761464383247,-8.469241388042006
18.363281037829136,-8.480613864350651
18.375798913810172,-8.491991955336369
18.388315092760305,-8.503375656027043
18.400829575114503,-8.514764961455178
18.413342361313564,-8.52615986664201
18.425853451795383,-8.537560366626371
18.438362847001393,-8.548966456443392
18.45087054737419,-8.560378131132204
18.46337655335593,-8.571795385741423
18.47588086539279,-8.583218215314327
18.48838348393215,-8.594646614898078
18.50088440942198,-8.606080579545862
18.513383642309154,-8.617520104322335
18.525881183047456,-8.628965184277229
18.538377032089073,-8.640415814473497
18.550871189886724,-8.651871989980117
18.56336365689483,-8.663333705868284
18.57585443356982,-8.674800957210445
18.588343520372444,-8.686273739072739
18.600830917759037,-8.69775204654348
18.613316626192564,-8.709235874697079
18.625800646132554,-8.72072521862695
18.63828297804434,-8.73222007341525
18.65076362239293,-8.743720434153023
18.66324257964417,-8.755226295936163
18.67571985026509,-8.766737653864503
18.68819543472762,-8.778254503029558
18.70066933349765,-8.789776838550242
18.713141547049045,-8.801304655527067
18.72561207585605,-8.812837949067058
18.738080920392495,-8.824376714286215
18.75054808113465,-8.835920946300185
18.763013558559237,-8.84747064023081
18.775477353145984,-8.859025791197766
18.787939465373395,-8.870586394332255
18.800399895723515,-8.882152444761596
18.81285864467938,-8.893723937617477
18.8253157127252,-8.90530086803531
18.837771100346526,-8.916883231153703
18.850224808027523,-8.928471022123258
18.862676836259425,-8.940064236079262
18.875127185531223,-8.951662868171741
18.88757585633354,-8.96326691355292
18.9000228491598,-8.974876367373533
18.912468164499348,-8.98649122480478
18.924911802851536,-8.998111480993195
18.9373537647089,-9.009737131114619
18.949794050572034,-9.021368170326394
18.9622326609385,-9.033004593803089
18.974669596306285,-9.044646396725174
18.987104857181187,-9.056293574255546
18.999538444061983,-9.0679461215869
19.011970357456242,-9.079604033891162
19.024400597866386,-9.091267306364074
19.036829165799787,-9.102935934192827
19.049256061765078,-9.114609912567929
19.061681286271675,-9.126289236684672
19.074104839830053,-9.137973901742262
19.086526722950627,-9.149663902947381
19.098946936148828,-9.161359235497933
19.111365479937763,-9.173059894606517
19.123782354833075,-9.184765875484898
19.13619756135134,-9.196477173349093
19.14861110001382,-9.208193783407387
19.161022971336656,-9.219915700891619
19.17343317584233,-9.231642921020597
19.185841714051847,-9.243375439025016
19.19824858649038,-9.25511325012955
19.210653793682187,-9.266856349568876
19.22305733615249,-9.278604732581789
19.235459214428175,-9.290358394408928
19.247859429038282,-9.302117330291201
19.260257980513167,-9.313881535472518
19.272654869383647,-9.325651005202362
19.285050096180193,-9.337425734738462
19.29744366143824,-9.349205719329824
19.309835565692616,-9.360990954234534
19.322225809478105,-9.372781434717815
19.33461439333217,-9.384577156043498
19.347001317794355,-9.39637811347583
19.35938658340276,-9.408184302290664
19.37177019069975,-9.419995717757393
19.38415214022745,-9.431812355153156
19.3965324325286,-9.443634209760162
19.408911068147116,-9.455461276863861
19.421288047628316,-9.467293551752245
19.433663371524833,-9.47913102969727
19.446037040377945,-9.490973706013525
19.45840905474039,-9.502821575986463
19.47077941516208,-9.514674634917396
19.483148122195978,-9.526532878104923
19.495515176395106,-9.538396300854332
19.50788057831258,-9.550264898477531
19.520244328505655,-9.562138666280303
19.532606427529398,-9.574017599582133
19.54496687594311,-9.585901693696107
19.5573256743034,-9.597790943950598
19.569682823174336,-9.609685345657374
19.582038323115952,-9.621584894147752
19.594392174689077,-9.63348958475728
19.606744378460913,-9.645399412808409
19.61909493499414,-9.657314373644496
19.631443844855855,-9.669234462601873
19.643791108613424,-9.68115967502279
19.65613672683485,-9.69309000625425
19.668480700090278,-9.705025451643321
19.680823028951348,-9.716966006539161
19.693163713989602,-9.72891166629791
19.70550275577862,-9.740862426276053
19.717840154892325,-9.75281828183577
19.730175911905977,-9.76477922834169
19.74251002739846,-9.776745261153899
19.754842501945117,-9.78871637565008
19.7671733361257,-9.800692567200949
19.77950253052134,-9.812673831179515
19.79183008571322,-9.824660162965335
19.80415600228311,-9.836651557942647
19.816480280815394,-9.848648011494296
19.828802921895413,-9.860649519006706
19.841123926105553,-9.872656075881977
19.853443294039103,-9.884667677495168
19.86576102627801,-9.896684319262883
19.878077123414517,-9.90870599657649
19.890391586039527,-9.920732704838032
19.902704414742455,-9.93276443946061
19.91501561011907,-9.944801195844386
19.92732517276076,-9.956842969409378
19.93963310326257,-9.968889755570908
19.951939402223456,-9.980941549738736
19.96424407023535,-9.992998347350671
19.976547107900586,-10.005060143819044
19.988848515817505,-10.017126934574863
20.0,-10.028071427426369
