r,v,eta,stable
0.05235316441799214,-3.040025275667936,-10.0,true
0.052388279691463265,-3.0379875809861696,-9.988105293982022,true
0.052429820941386845,-3.0355805195257157,-9.974065986057829,true
0.05247146463428968,-3.033171347534463,-9.960026859292332,true
0.05251321120333483,-3.030760059133239,-9.945987914352424,true
0.0525550610843096,-3.0283466484146344,-9.93194915190878,true
0.052597014715646345,-3.0259311094428063,-9.917910572635902,true
0.052639072538443576,-3.0235134362532827,-9.903872177212142,true
0.05268123499648713,-3.0210936228527685,-9.889833966319728,true
0.0527235025362717,-3.018671663218941,-9.875795940644801,true
0.05276587560702248,-3.016247551300254,-9.861758100877445,true
0.052808354660717045,-3.0138212810157317,-9.84772044771171,true
0.0528509401521075,-3.0113928462547666,-9.833682981845655,true
0.05289363253874279,-3.00896224087691,-9.819645703981369,true
0.05293643228099121,-3.0065294587116678,-9.805608614825006,true
0.05297933984206327,-3.0040944935582856,-9.791571715086821,true
0.05302235568803462,-3.001657339185541,-9.777535005481198,true
0.053065480287869365,-2.999217989331527,-9.763498486726682,true
0.05310871411344346,-2.996776437703437,-9.749462159546017,true
0.05315205763956849,-2.9943326779773454,-9.735426024666173,true
0.05319551134401557,-2.99188670379799,-9.721390082818386,true
0.05323907570753957,-2.9894385087785484,-9.707354334738186,true
0.053282751213903565,-2.986988086500413,-9.693318781165436,true
0.05332653834990344,-2.9845354305129677,-9.679283422844362,true
0.05337043760539296,-2.9820805343333574,-9.665248260523596,true
0.05341444947330885,-2.9796233914462587,-9.651213294956202,true
0.05345857444969633,-2.977163995303646,-9.637178526899719,true
0.053502813033734754,-2.97470233932456,-9.623143957116191,true
0.05354716572776366,-2.9722384168948675,-9.609109586372211,true
0.05359163303730897,-2.969772221367022,-9.59507541543895,true
0.05363621547110953,-2.967303746059827,-9.5810414450922,true
0.05368091354114386,-2.964832984258188,-9.567007676112409,true
0.05372572776265731,-2.9623599292128686,-9.552974109284719,true
0.05377065865418931,-2.95988457414024,-9.538940745399005,true
0.053815706737601075,-2.957406912222034,-9.524907585249915,true
0.053860872538103496,-2.954926936605089,-9.510874629636907,true
0.053906156584285374,-2.952444640401091,-9.496841879364291,true
0.05395155940814189,-2.949960016686322,-9.482809335241267,true
0.05399708154510348,-2.947473058501394,-9.468776998081966,true
0.054042723534064904,-2.9449837588509906,-9.45474486870549,true
0.054088485917414664,-2.942492110703599,-9.440712947935957,true
0.05413436924106475,-2.939998106991243,-9.426681236602539,true
0.054180374054480694,-2.9375017406092137,-9.412649735539505,true
0.0542265009107119,-2.935003004415796,-9.398618445586264,true
0.05427275036642236,-2.9325018912319916,-9.384587367587411,true
0.05431912298192167,-2.9299983938412413,-9.370556502392764,true
0.05436561932119634,-2.9274925049891456,-9.356525850857414,true
0.05441223995194149,-2.9249842173831793,-9.342495413841766,true
0.05445898544559291,-2.9224735236924055,-9.328465192211585,true
0.05450585637735937,-2.9199604165471857,-9.314435186838045,true
0.054552853326255334,-2.9174448885388893,-9.300405398597768,true
0.05459997687513403,-2.9149269322195965,-9.286375828372876,true
0.054647227610720925,-2.912406540101801,-9.272346477051034,true
0.05469460612364743,-2.90988370465811,-9.258317345525501,true
0.05474211300848506,-2.907358418320941,-9.244288434695179,true
0.05478974886378005,-2.90483067348221,-9.230259745464654,true
0.05483751429208807,-2.90230046249303,-9.216231278744253,true
0.054885409900009716,-2.899767777663389,-9.202203035450092,true
0.05493343629822602,-2.89723261126184,-9.188175016504118,true
0.054981594101534574,-2.894694955515181,-9.174147222834176,true
0.05502988392888597,-2.892154802608127,-9.160119655374041,true
0.055078306403420624,-2.889612144682994,-9.146092315063486,true
0.05512686215250612,-2.8870669738393593,-9.132065202848324,true
0.05517555180777479,-2.8845192821337373,-9.118038319680464,true
0.055224376005161835,-2.88196906157924,-9.104011666517968,true
0.05527333538494389,-2.879416304145238,-9.089985244325101,true
0.0553224305917779,-2.8768610017570193,-9.075959054072385,true
0.05537166227474055,-2.874303146295441,-9.06193309673666,true
0.055421031087368046,-2.871742729596582,-9.047907373301129,true
0.05547053768769641,-2.8691797434513884,-9.03388188475543,true
0.05552018273830218,-2.8666141796053166,-9.01985663209568,true
0.05556996690634357,-2.8640460297579744,-9.005831616324537,true
0.055619890863602216,-2.861475285562754,-8.991806838451263,true
0.055669955286525116,-2.8589019386264662,-8.977782299491775,true
0.05572016085626738,-2.856325980508968,-8.963758000468712,true
0.055770508258735245,-2.853747402722785,-8.949733942411491,true
0.0558209981846296,-2.8511661967327364,-8.935710126356373,true
0.055871631329490086,-2.848582353955547,-8.921686553346516,true
0.05592240839373971,-2.84599586575946,-8.907663224432051,true
0.05597333008272986,-2.843406723463848,-8.893640140670131,true
0.05602439710678591,-2.8408149183388147,-8.879617303125004,true
0.05607561018125336,-2.838220441604797,-8.865594712868077,true
0.05612697002654449,-2.835623284432158,-8.85157237097798,true
0.05617847736818552,-2.8330234379407817,-8.83755027854063,true
0.05623013293686444,-2.8304208931996575,-8.823528436649307,true
0.05628193746847921,-2.827815641226465,-8.809506846404705,true
0.05633389170418667,-2.8252076729871503,-8.795485508915021,true
0.056385996390451956,-2.822596979395502,-8.781464425296011,true
0.056438252279098496,-2.8199835513127187,-8.767443596671063,true
0.0564906601273587,-2.8173673795469747,-8.753423024171271,true
0.056543220697924994,-2.8147484548529786,-8.739402708935502,true
0.056595934759001744,-2.8121267679315305,-8.725382652110477,true
0.0566488030843576,-2.8095023094290705,-8.711362854850835,true
0.056701826453378575,-2.8068750699372242,-8.697343318319215,true
0.05675500565112164,-2.8042450399923444,-8.683324043686325,true
0.05680834146836906,-2.8016122100750462,-8.669305032131026,true
0.05686183470168334,-2.798976570609736,-8.655286284840404,true
0.05691548615346283,-2.7963381119641393,-8.641267803009848,true
0.05696929663199793,-2.793696824448818,-8.627249587843133,true
0.057023266951528144,-2.7910526983166863,-8.613231640552497,true
0.05707739793229962,-2.788405723762521,-8.599213962358721,true
0.05713169040062351,-2.7857558909224642,-8.585196554491214,true
0.05718614518893501,-2.7831031898735215,-8.571179418188095,true
0.05724076313585307,-2.7804476106330553,-8.557162554696276,true
0.05729554508624092,-2.7777891431582726,-8.543145965271552,true
0.057350491891267244,-2.775127777345705,-8.529129651178678,true
0.05740560440846814,-2.7724635030306857,-8.515113613691465,true
0.05746088350180985,-2.769796309986818,-8.501097854092862,true
0.057516330041752266,-2.767126187925439,-8.487082373675051,true
0.057571944905313144,-2.764453126495079,-8.473067173739532,true
0.05762772897613323,-2.76177711528091,-8.459052255597218,true
0.05768368314454209,-2.7590981438041937,-8.44503762056853,true
0.0577398083076248,-2.756416201521719,-8.43102326998348,true
0.05779610536928946,-2.753731277825234,-8.417009205181785,true
0.05785257524033556,-2.751043362040874,-8.402995427512943,true
0.057909218838523145,-2.7483524434285784,-8.388981938336343,true
0.05796603708864297,-2.745658511181505,-8.374968739021362,true
0.058023030922587385,-2.7429615544254347,-8.360955830947463,true
0.058080201279422185,-2.7402615622181727,-8.346943215504291,true
0.05813754910545941,-2.737558523548938,-8.33293089409179,true
0.05819507535433099,-2.7348524273377497,-8.318918868120294,true
0.05825278098706333,-2.7321432624348043,-8.304907139010634,true
0.05831066697215292,-2.729431017619847,-8.29089570819425,true
0.05836873428564282,-2.7267156816015334,-8.276884577113297,true
0.05842698391120015,-2.723997243016786,-8.262873747220748,true
0.05848541684019464,-2.7212756904301423,-8.248863219980514,true
0.05854403407177803,-2.7185510123330943,-8.234852996867549,true
0.058602836612964684,-2.7158231971434224,-8.220843079367969,true
0.058661825478713084,-2.713092233204517,-8.20683346897916,true
0.058721001692008515,-2.7103581087846997,-8.192824167209908,true
0.05878036628394669,-2.7076208120765255,-8.178815175580498,true
0.05883992029381855,-2.704880331196088,-8.16480649562285,true
0.05889966476919617,-2.7021366541823086,-8.150798128880632,true
0.05895960076601975,-2.699389768996219,-8.136790076909387,true
0.05901972934868573,-2.6966396635202368,-8.122782341276652,true
0.059080051590136184,-2.69388632555743,-8.108774923562093,true
0.05914056857194919,-2.691129742830774,-8.094767825357621,true
0.05920128138443059,-2.6883699029823984,-8.080761048267533,true
0.05926219112670687,-2.685606793572828,-8.066754593908636,true
0.05932329890681926,-2.6828404020802075,-8.052748463910381,true
0.05938460584181918,-2.680070715899524,-8.038742659915005,true
0.05944611305786475,-2.6772977223418155,-8.024737183577654,true
0.059507821690318964,-2.674521408633371,-8.010732036566536,true
0.05956973288384874,-2.671741761914923,-7.996727220563049,true
0.059631847792525665,-2.6689587692408225,-7.982722737261933,true
0.05969416757992789,-2.6661724175782133,-7.968718588371409,true
0.059756693419243494,-2.66338269380619,-7.9547147756133265,true
0.05981942649337518,-2.6605895847149466,-7.940711300723311,true
0.05988236799504654,-2.6577930770049143,-7.9267081654509175,true
0.059945519126909576,-2.65499315728589,-7.9127053715597775,true
0.06000888110165385,-2.65218981207615,-7.898702920827757,true
0.06007245514211704,-2.6493830278015587,-7.884700815047115,true
0.06013624248139704,-2.64657279079466,-7.870699056024655,true
0.06020024436296567,-2.6437590872937586,-7.856697645581897,true
0.06026446204078384,-2.6409419034419916,-7.84269658555523,true
0.06032889677941844,-2.638121225286387,-7.8286958777960844,true
0.060393549854160726,-2.6352970387769084,-7.814695524171098,true
0.060458422551146467,-2.6324693297654904,-7.8006955265622855,true
0.060523516167477726,-2.6296380840050593,-7.786695886867212,true
0.06058883201134634,-2.626803287148541,-7.772696606999168,true
0.060654371402159186,-2.6239649247478596,-7.758697688887349,true
0.06072013567066512,-2.6211229822529147,-7.744699134477032,true
0.06078612615908384,-2.618277445010556,-7.730700945729762,true
0.060852344221236435,-2.615428298263536,-7.7167031246235345,true
0.06091879122267795,-2.6125755271494535,-7.702705673152987,true
0.06098546854083169,-2.609719116699679,-7.688708593329586,true
0.06105237756512557,-2.6068590518382706,-7.674711887181823,true
0.06111951969713031,-2.6039953173808725,-7.660715556755414,true
0.06118689635069972,-2.6011278980336003,-7.646719604113491,true
0.06125450895211295,-2.5982567783919093,-7.632724031336812,true
0.06132235894021881,-2.595381942939448,-7.618728840523962,true
0.06139044776658224,-2.5925033760469,-7.604734033791565,true
0.061458776895632776,-2.5896210619708055,-7.590739613274489,true
0.06152734780481534,-2.586734984852367,-7.576745581126069,true
0.061596161984743186,-2.5838451287162436,-7.562751939518317,true
0.06166522093935299,-2.580951477469323,-7.548758690642148,true
0.06173452618606243,-2.57805401489948,-7.534765836707604,true
0.061804079255929886,-2.5751527246743184,-7.520773379944078,true
0.06187388169381662,-2.5722475903398916,-7.50678132260055,true
0.06194393505855142,-2.5693385953194112,-7.492789666945818,true
0.06201424092309751,-2.566425722911933,-7.478798415268739,true
0.06208480087472217,-2.5635089562910283,-7.4648075698784675,true
0.06215561651516873,-2.5605882785034315,-7.450817133104706,true
0.062226689460831285,-2.5576636724676756,-7.436827107297949,true
0.062298021342931935,-2.5547351209727047,-7.422837494829742,true
0.06236961380770081,-2.551802606676464,-7.4088482980929316,true
0.06244146851655876,-2.548866112104479,-7.3948595195019315,true
0.0625135871463028,-2.5459256196484024,-7.380871161492988,true
0.06258597138929449,-2.542981111564552,-7.366883226524446,true
0.06265862295365113,-2.54003256997242,-7.3528957170770255,true
0.06273154356343993,-2.5370799768531627,-7.338908635654098,true
0.0628047349588751,-2.5341233140480717,-7.324921984781969,true
0.06287819889651809,-2.531162563257018,-7.310935767010163,true
0.06295193714948089,-2.5281977060368788,-7.296949984911717,true
0.06302595150763242,-2.525228723799937,-7.282964641083477,true
0.06310024377780835,-2.5222555978122605,-7.2689797381463945,true
0.06317481578402394,-2.5192783091920545,-7.254995278745837,true
0.06324966936769044,-2.5162968389079956,-7.241011265551894,true
0.06332480638783479,-2.513311167777535,-7.2270277012596935,true
0.06340022872132281,-2.5103212764651786,-7.2130445885897245,true
0.06347593826308597,-2.507327145480745,-7.199061930288159,true
0.06355193692635171,-2.504328755177594,-7.185079729127185,true
0.06362822664287751,-2.501326085750828,-7.171097987905345,true
0.0637048093631886,-2.498319117235471,-7.157116709447871,true
0.06378168705681968,-2.4953078295046156,-7.14313589660704,true
0.06385886171256022,-2.4922922022675453,-7.129155552262521,true
0.06393633533870412,-2.489272215067826,-7.115175679321737,true
0.06401410996330312,-2.486247847281371,-7.10119628072023,true
0.06409218763442442,-2.483219078114475,-7.08721735942203,true
0.06417057042041259,-2.4801858866018174,-7.073238918420034,true
0.06424926041015568,-2.4771482516044374,-7.059260960736391,true
0.0643282597133557,-2.4741061518076775,-7.045283489422888,true
0.06440757046080368,-2.4710595657190915,-7.031306507561351,true
0.06448719480465911,-2.4680084716663258,-7.017330018264044,true
0.0645671349187341,-2.4649528477949647,-7.003354024674084,true
0.06464739299878243,-2.461892672066341,-6.9893785299658555,true
0.06472797126279307,-2.458827922255317,-6.975403537345435,true
0.06480887195128904,-2.455758575948023,-6.961429050051023,true
0.06489009732763097,-2.45268461053957,-6.947455071353384,true
0.06497164967832597,-2.449606003231717,-6.933481604556294,true
0.0650535313133417,-2.446522731030507,-6.919508652996994,true
0.06513574456642572,-2.4434347707438646,-6.90553622004665,true
0.06521829179543037,-2.4403420989791518,-6.891564309110829,true
0.06530117538264318,-2.4372446921406894,-6.877592923629976,true
0.06538439773512293,-2.434142526427235,-6.863622067079898,true
0.06546796128504156,-2.4310355778294235,-6.849651742972266,true
0.06555186849003197,-2.4279238221271595,-6.835681954855114,true
0.06563612183354182,-2.424807234886978,-6.821712706313359,true
0.0657207238251936,-2.4216857914593506,-6.8077440009693175,true
0.06580567700115082,-2.418559466975957,-6.793775842483245,true
0.06589098392449093,-2.415428236346904,-6.779808234553874,true
0.06597664718558441,-2.412292074257904,-6.765841180918966,true
0.06606266940248094,-2.4091509551674037,-6.751874685355874,true
0.06614905322130206,-2.406004853303667,-6.7379087516821174,true
0.06623580131664125,-2.402853742661808,-6.7239433837559615,true
0.06632291639197073,-2.399697597000773,-6.709978585477013,true
0.06641040118005583,-2.396536389840276,-6.696014360786823,true
0.06649825844337666,-2.393370094457676,-6.682050713669506,true
0.06658649097455763,-2.390198683884809,-6.668087648152363,true
0.06667510159680443,-2.387022130904758,-6.654125168306522,true
0.0667640931643492,-2.383840408048576,-6.640163278247592,true
0.0668534685629038,-2.380653487591944,-6.6262019821363225,true
0.06694323071012134,-2.377461341551779,-6.612241284179279,true
0.06703338255606613,-2.374263941682781,-6.598281188629536,true
0.06712392708369253,-2.3710612594739167,-6.584321699787374,true
0.06721486730933249,-2.367853266144846,-6.570362822000997,true
0.0673062062831922,-2.3646399326422847,-6.5564045596672615,true
0.06739794708985812,-2.3614212296363046,-6.542446917232419,true
0.06749009284881231,-2.358197127516563,-6.5284898991928735,true
0.06758264671495769,-2.3549675963884744,-6.514533510095953,true
0.06767561187915302,-2.3517326060693047,-6.5005777545407,true
0.06776899156875817,-2.3484921260842038,-6.486622637178669,true
0.06786278904818972,-2.3452461256621593,-6.472668162714748,true
0.06795700761948716,-2.341994573731886,-6.458714335907994,true
0.06805165062289001,-2.3387374389176334,-6.444761161572484,true
0.06814672143742603,-2.3354746895349217,-6.43080864457818,true
0.06824222348151081,-2.332206293586198,-6.416856789851818,true
0.06833816021355903,-2.3289322187564143,-6.40290560237781,true
0.06843453513260753,-2.325652432408525,-6.388955087199167,true
0.0685313517789508,-2.322366901578896,-6.375005249418438,true
0.06862861373478871,-2.319075592972639,-6.361056094198669,true
0.06872632462488722,-2.3157784729588475,-6.347107626764384,true
0.068824488117252,-2.3124755075657517,-6.3331598524025825,true
0.06892310792381565,-2.30916666247578,-6.319212776463761,true
0.0690221878011385,-2.305851903020526,-6.305266404362953,true
0.06912173155112349,-2.302531194175625,-6.29132074158079,true
0.06922174302174552,-2.2992045005555255,-6.27737579366459,true
0.06932222610779545,-2.295871786408169,-6.26343156622946,true
0.06942318475163926,-2.2925330156095622,-6.249488064959434,true
0.06952462294399274,-2.2891881516582475,-6.235545295608619,true
0.06962654472471189,-2.2858371576696666,-6.221603264002381,true
0.06972895418359976,-2.2824799963704114,-6.2076619760385485,true
0.0698318554612298,-2.2791166300923673,-6.193721437688641,true
0.06993525274978639,-2.2757470207667403,-6.179781654999126,true
0.07003915029392277,-2.2723711299179636,-6.165842634092706,true
0.07014355239163698,-2.268988918657489,-6.151904381169626,true
0.0702484633951663,-2.2656003476774496,-6.137966902509017,true
0.07035388771190018,-2.2622053772442015,-6.124030204470269,true
0.07045982980531307,-2.2588039671917315,-6.110094293494422,true
0.07056629419591658,-2.255396076914934,-6.096159176105607,true
0.07067328546223235,-2.2519816653627545,-6.082224858912504,true
0.07078080824178556,-2.248560691031188,-6.068291348609839,true
0.07088886723212,-2.2451331119561417,-6.054358651979913,true
0.07099746719183511,-2.241698885706145,-6.040426775894167,true
0.07110661294164548,-2.238257969374913,-6.026495727314778,true
0.07121630936546365,-2.234810319573757,-6.012565513296298,true
0.07132656141150645,-2.2313558924238337,-5.998636140987326,true
0.07143737409342604,-2.227894643548235,-5.984707617632219,true
0.07154875249146572,-2.2244265280639133,-5.970779950572843,true
0.07166070175364155,-2.220951500573432,-5.956853147250365,true
0.07177322709695041,-2.2174695151565467,-5.942927215207087,true
0.07188633380860524,-2.2139805253616025,-5.929002162088319,true
0.0720000272472979,-2.2104844841967517,-5.915077995644305,true
0.07211431284449094,-2.2069813441209787,-5.9011547237321835,true
0.07222919610573858,-2.2034710570349345,-5.887232354318003,true
0.072344682612038,-2.199953574271571,-5.873310895478783,true
0.07246077802121159,-2.196428846586571,-5.859390355404621,true
0.07257748806932134,-2.1928968241485682,-5.845470742400858,true
0.07269481857211565,-2.1893574565291525,-5.831552064890288,true
0.07281277542651035,-2.1858106926926557,-5.8176343314154275,true
0.07293136461210392,-2.182256480985706,-5.803717550640838,true
0.07305059219272877,-2.178694769126555,-5.789801731355504,true
0.0731704643180391,-2.1751255041941566,-5.775886882475277,true
0.07329098722513619,-2.1715486326170113,-5.761973013045369,true
0.07341216724023308,-2.1679641001617433,-5.748060132242918,true
0.07353401078035869,-2.1643718519214303,-5.734148249379613,true
0.0736565243551033,-2.1607718323036553,-5.72023737390439,true
0.07377971456840626,-2.1571639850182915,-5.706327515406188,true
0.07390358812038736,-2.153548253064998,-5.692418683616783,true
0.07402815180922288,-2.1499245787204275,-5.678510888413693,true
0.07415341253306786,-2.1462929035251346,-5.664604139823156,true
0.07427937729202605,-2.1426531682701753,-5.650698448023188,true
0.0744060531901686,-2.13900531298339,-5.636793823346713,true
0.07453344743760339,-2.1353492769153597,-5.622890276284792,true
0.07466156735259623,-2.131684998525028,-5.608987817489916,true
0.07479042036374567,-2.1280124154649758,-5.5950864577793995,true
0.07492001401221304,-2.124331464566341,-5.581186208138865,true
0.07505035595400923,-2.1206420818233735,-5.567287079725812,true
0.07518145396234029,-2.1169442023776086,-5.55338908387329,true
0.07531331593001346,-2.1132377605016557,-5.539492232093667,true
0.07544594987190559,-2.1095226895825876,-5.525596536082505,true
0.07557936392749576,-2.105798922104911,-5.5117020077225325,true
0.07571356636346449,-2.1020663896331184,-5.49780865908774,true
0.07584856557636128,-2.0983250227938,-5.483916502447575,true
0.07598437009534287,-2.094574751257299,-5.470025550271264,true
0.07612098858498428,-2.0908155037189107,-5.45613581523225,true
0.07625842984816546,-2.08704720787959,-5.44224731021276,true
0.0763967028290354,-2.0832697904261748,-5.4283600483084955,true
0.07653581661605659,-2.0794831770110878,-5.4144740428334615,true
0.07667578044513247,-2.0756872922315175,-5.4005893073249345,true
0.07681660370282047,-2.071882059608054,-5.386705855548569,true
0.0769582959296336,-2.068067401562761,-5.372823701503659,true
0.07710086682343341,-2.064243239396669,-5.358942859428546,true
0.07724432624291763,-2.060409493266671,-5.345063343806191,true
0.07738868421120552,-2.0565660821617957,-5.3311851693699115,true
0.07753395091952407,-2.052712923878848,-5.317308351109283,true
0.07768013673099905,-2.0488499349973845,-5.303432904276224,true
0.07782725218455397,-2.044977030854009,-5.2895588443912605,true
0.07797530799892094,-2.0410941255159623,-5.275686187249983,true
0.07812431507676731,-2.037201131753986,-5.261814948929694,true
0.07827428450894214,-2.0332979610144286,-5.24794514579627,true
0.07842522757884667,-2.029384523390578,-5.234076794511223,true
0.07857715576693328,-2.0254607275931806,-5.220209912038992,true
0.07873008075533743,-2.0215264809201354,-5.2063445156544566,true
0.07888401443264745,-2.0175816892253198,-5.1924806229506855,true
0.07903896889881709,-2.0136262568865226,-5.178618251846938,true
0.07919495647022609,-2.009660086772455,-5.164757420596913,true
0.07935198968489404,-2.0056830802088013,-5.150898147797264,true
0.07951008130785348,-2.001695136943283,-5.137040452396394,true
0.07966924433668766,-1.9976961551096897,-5.123184353703531,true
0.0798294920072397,-1.9936860311908498,-5.1093298713981,true
0.079990837799499,-1.9896646599804977,-5.095477025539412,true
0.08015329544367217,-1.9856319345439974,-5.081625836576663,true
0.0803168789264448,-1.981587746177879,-5.067776325359274,true
0.08048160249744218,-1.9775319843681483,-5.0539285131475795,true
0.08064748067589599,-1.9734645367473178,-5.040082421623873,true
0.08081452825752532,-1.969385289050117,-5.026238072903832,true
0.08098276032164017,-1.9652941250678266,-5.012395489548336,true
0.08115219223847644,-1.9611909266011875,-4.998554694575693,true
0.08132283967677126,-1.957075573411829,-4.984715711474291,true
0.08149471861158844,-1.9529479431721573,-4.970878564215689,true
0.08166784533240423,-1.9488079114136458,-4.957043277268182,true
0.0818422364514635,-1.944655351473467,-4.943209875610836,true
0.08201790891241768,-1.9404901344393939,-4.929378384748033,true
0.082194879999256,-1.9363121290929066,-4.915548830724544,true
0.08237316734554187,-1.9321212018504346,-4.9017212401411365,true
0.0825527889439676,-1.9279172167026506,-4.887895640170776,true
0.08273376315624005,-1.9237000351517475,-4.874072058575404,true
0.0829161087233121,-1.9194695161466069,-4.860250523723354,true
0.08309984477597379,-1.9152255160157767,-4.846431064607416,true
0.08328499084581903,-1.9109678883981658,-4.8326137108635825,true
0.08347156687660397,-1.9066964841713598,-4.818798492790509,true
0.08365959323601412,-1.9024111513774573,-4.804985441369725,true
0.08384909072785778,-1.89811173514632,-4.791174588286619,true
0.08404008060470525,-1.8937980776161294,-4.7773659659522485,true
0.08423258458099285,-1.8894700178511297,-4.763559607526003,true
0.08442662484661342,-1.8851273917564344,-4.7497555469391655,true
0.08462222408101452,-1.880770031989772,-4.735953818919417,true
0.08481940546782792,-1.8763977678700303,-4.722154459016323,true
0.08501819271005463,-1.8720104252824579,-4.708357503627861,true
0.08521861004583119,-1.8676078265803755,-4.6945629900280235,true
0.08542068226480415,-1.8631897904832337,-4.680770956395574,true
0.08562443472514172,-1.8587561319708543,-4.666981441843987,true
0.08582989337121229,-1.854306662173678,-4.6531944864526515,true
0.08603708475196216,-1.84984118825883,-4.639410131299395,true
0.08624603604002588,-1.8453595133118141,-4.625628418494394,true
0.08645677505160489,-1.8408614362136213,-4.6118493912155465,true
0.08666933026715211,-1.8363467515130376,-4.598073093745385,true
0.08688373085290237,-1.8318152492939217,-4.584299571509599,true
0.0871000066832907,-1.8272667150372066,-4.570528871117273,true
0.08731818836430337,-1.8227009294773644,-4.556761040402909,true
0.08753830725780863,-1.8181176684530682,-4.542996128470353,true
0.08776039550691776,-1.813516702751754,-4.529234185738708,true
0.0879844860624292,-1.8088977979477803,-4.515475263990361,true
0.08821061271041247,-1.8042607142338614,-4.501719416421231,true
0.08843881010099175,-1.7996052062454264,-4.487966697693368,true
0.08866911377839251,-1.7949310228775435,-4.474217163990028,true
0.08890156021231939,-1.7902379070940164,-4.4604708730733815,true
0.08913618683073668,-1.7855255957282459,-4.446727884344995,true
0.08937303205412836,-1.7807938192754151,-4.432988258909245,true
0.08961213533131895,-1.776042301675536,-4.419252059639855,true
0.08985353717694215,-1.771270760086861,-4.40551935124972,true
0.09009727921064965,-1.7664789046491312,-4.391790200364231,true
0.0903434041981589,-1.761666438236105,-4.378064675598309,true
0.09059195609424511,-1.75683305619676,-4.364342847637368,true
0.09084298008779,-1.7519784460845422,-4.350624789322467,true
0.09109652264900722,-1.7471022873739719,-4.336910575739897,true
0.09135263157897335,-1.742204251163883,-4.3232002843154955,true
0.09161135606160155,-1.7372839998665226,-4.309493994913982,true
0.09187274671820536,-1.7323411868816745,-4.2957917899436495,true
0.09213685566480999,-1.7273754562549253,-4.2820937544667546,true
0.09240373657238067,-1.7223864423191138,-4.268399976315984,true
0.09267344473014907,-1.7173737693179556,-4.254710546217409,true
0.09294603711223269,-1.7123370510107403,-4.241025557920361,true
0.09322157244775676,-1.7072758902569356,-4.227345108334703,true
0.09350011129470341,-1.7021898785794403,-4.213669297676008,true
0.0937817161177307,-1.6970785957051278,-4.199998229619205,true
0.09406645137022225,-1.6919416090812325,-4.186332011461282,true
0.0943543835808488,-1.6867784733660132,-4.172670754293693,true
0.09464558144494511,-1.6815887298920027,-4.159014573185193,true
0.09494011592103019,-1.6763719061000317,-4.145363587375836,true
0.09523806033282455,-1.671127514942063,-4.131717920482996,true
0.09553949047714803,-1.6658550542507178,-4.118077700720292,true
0.09584448473811254,-1.6605540060732094,-4.10444306113041,true
0.0961531242080597,-1.6552238359672014,-4.090814139832897,true
0.09646549281573051,-1.6498639922559142,-4.077191080288089,true
0.096781677462197,-1.6444739052395676,-4.063574031578456,true
0.09710176816513086,-1.6390529863600127,-4.04996314870876,true
0.09742585821203546,-1.6336006273151227,-4.036358592926552,true
0.09775404432312353,-1.628116199119217,-4.022760532064694,true
0.09808642682458335,-1.6225990511054729,-4.009169140907729,true
0.0984231098330462,-1.617048509865902,-3.995584601584135,true
0.0987642014521412,-1.61146387812408,-3.982007103986681,true
0.09910981398210894,-1.6058444335353672,-3.9684368462233275,true
0.09946006414353627,-1.6001894274088757,-3.954874035101381,true
0.09981507331637887,-1.5944980833448856,-3.9413188866478825,true
0.10017496779555185,-1.588769595780818,-3.927771626669523,true
0.10053987906449614,-1.583003128438197,-3.91423249135575,true
0.10090994408827107,-1.5771978126622923,-3.900701727929112,true
0.1012853056278821,-1.5713527456452947,-3.887179595347341,true
0.10166611257773062,-1.5654669885229517,-3.8736663650621934,true
0.1020525203282723,-1.5595395643335577,-3.860162321840621,true
0.10244469115619413,-1.553569455827017,-3.846667764654518,true
0.10284279464467216,-1.5475556031104067,-3.833183007646002,true
0.10324700813655609,-1.5414969011149897,-3.8197083811760533,true
0.10365751722364637,-1.5353921968679844,-3.806244232965262,true
0.10407451627559267,-1.5292402865505321,-3.7927909293365514,true
0.10449820901235218,-1.5230399123212004,-3.779348856570969,true
0.1049288091246128,-1.5167897588819856,-3.7659184223890882,true
0.10536654094711602,-1.5104884497610678,-3.752500057572193,true
0.10581164019041901,-1.5041345432835134,-3.7390942177393227,true
0.10626435473732555,-1.4977265281976242,-3.725701385298433,true
0.10672494551100627,-1.491262818920644,-3.7123220715924776,true
0.10719368742273648,-1.4847417503629747,-3.6989568192641413,true
0.10767087040822275,-1.4781615722848358,-3.6856062048663896,true
0.10815680056269451,-1.4715204431332922,-3.672270841749997,true
0.10865180138632795,-1.4648164233006669,-3.658951383263898,true
0.10915621515318323,-1.4580474677373791,-3.6456485263097,true
0.1096704044187117,-1.4512114178430138,-3.632363015298176,true
0.11019475368307502,-1.4443059925487196,-3.6190956465632165,true
0.11072967123007366,-1.4373287784915738,-3.605847273297791,true
0.11127559116447829,-1.430277219167012,-3.59261881108728,true
0.11183297567407949,-1.4231486029284302,-3.5794112441284494,true
0.11240231754692931,-1.415940049683106,-3.566225632237815,true
0.11298414297916669,-1.4086484961101324,-3.5530631187717727,true
0.1135790147146634,-1.4012706791983462,-3.5399249396034036,true
0.11418753556469091,-1.3938031178694537,-3.526812433328199,true
0.11481035236414175,-1.3862420924125962,-3.513727052904302,true
0.11544816043084043,-1.3785836214102136,-3.500670378973705,true
0.1161017086065389,-1.37082343577958,-3.4876441351611587,true
0.11677180497278283,-1.362956949487859,-3.4746502057097755,true
0.1174593233525645,-1.3549792264184746,-3.461690655889749,true
0.11816521073031398,-1.3468849427699268,-3.44876775571349,true
0.11889049574929077,-1.3386683442510976,-3.435884007612366,true
0.11963629847806534,-1.330323197194833,-3.423042178884555,true
0.12040384167811542,-1.3218427325381856,-3.4102453399201416,true
0.12119446385464047,-1.3132195814058316,-3.397496909461744,true
0.122009634435149,-1.3044457007736523,-3.3848007084846596,true
0.12285097149858826,-1.2955122873710765,-3.3721610247042,true
0.12372026257613244,-1.2864096775898561,-3.359582690273279,true
0.12461948916886995,-1.2771272306872186,-3.347071175967082,true
0.12555085578476666,-1.2676531919840968,-3.334632706129079,true
0.1265168244966483,-1.257974532044238,-3.3222743999656617,true
0.12752015627609334,-1.2480767569583895,-3.310004446556013,true
0.1285639606791225,-1.2379436838378148,-3.2978323233764,true
0.12965175586467018,-1.227557174451358,-3.285769071493632,true
0.13078754143282703,-1.2168968186746798,-3.273827645251825,true
0.13197588718949413,-1.2059395582116375,-3.26202336082881,true
0.13322204167497123,-1.1946592402493128,-3.2503744773014955,true
0.1345320650933962,-1.1830260910764052,-3.2389029570312946,true
0.13591299200985063,-1.1710061027891405,-3.2276354709661508,true
0.137373029490551,-1.158560335184264,-3.216604741191589,true
0.1389217954299877,-1.1456441561182826,-3.205851350692925,true
0.14057059781281497,-1.1322064896082895,-3.195426201765864,true
0.14233274463316098,-1.1181892367910566,-3.1853938704338063,true
0.1442238476919535,-1.1035272296409757,-3.1758371755412202,true
0.14626202399176952,-1.088149464556602,-3.1668633187065764,true
0.14846777158275618,-1.0719831071412338,-3.1586118321055343,true
0.15086304420744825,-1.0549630887261947,-3.1512639598610455,true
0.15346861440358686,-1.0370520624713213,-3.1450511976783506,true
0.15629833485272845,-1.018276638979284,-3.1402560976894667,true
0.15934908230234401,-0.9987816734954248,-3.1371907875424463,true
0.16256223056901725,-0.9790401038101204,-3.136134091859261,true
0.16275406699811898,-0.9778861200054113,-3.1361374396234862,false
0.16612971616141323,-0.9580161019307111,-3.1373485669643086,false
0.1695527961059733,-0.9386748360812693,-3.1406695151321022,false
0.17295219105902737,-0.9202250755966248,-3.1458729049087624,false
0.1762789684565121,-0.9028583754797657,-3.1526469744835635,false
0.17950743771307084,-0.8866203268206222,-3.160679694661837,false
0.18262883671112012,-0.8714666640714825,-3.1697028997558903,false
0.1856443681406638,-0.8573109148740928,-3.17950314458782,false
0.18856019760952353,-0.8440537563571843,-3.1899164352921003,false
0.19138447989565494,-0.8315979601825234,-3.2008183068581704,false
0.19412577959934266,-0.819854753038623,-3.2121142614721263,false
0.1967923092526285,-0.8087457467027062,-3.2237320499199775,false
0.1993916083875807,-0.7982028149475056,-3.2356158642355126,false
0.20193044722360318,-0.7881671401224966,-3.2477220925844987,false
0.20441483815122846,-0.7785880150938131,-3.260016244608548,false
0.206850094237927,-0.7694216610258073,-3.2724707226307674,false
0.20924090412975999,-0.7606301633699345,-3.285063196054064,false
0.21159140854182373,-0.7521805549133824,-3.2977754051007837,false
0.21390527168412926,-0.744044042668175,-3.3105922714445875,false
0.21618574508876007,-0.7361953630501842,-3.3235012298615345,false
0.21843572332011252,-0.7286122465355939,-3.3364917205302165,false
0.22065779197966232,-0.7212749736323106,-3.349554799276833,false
0.22285426879321074,-0.7141660061247327,-3.3626828353084974,false
0.2250272386707075,-0.7072696800265752,-3.3758692745107193,false
0.22717858360143417,-0.7005719490316006,-3.389108452372877,false
0.22931000816510072,-0.6940601693115171,-3.4023954448433695,false
0.23142306133971066,-0.6877229182370396,-3.4157259484430735,false
0.23351915518792227,-0.6815498410133287,-3.429096183148147,false
0.23559958091301847,-0.6755315203665581,-3.44250281314159,false
0.23766552269629937,-0.6696593653395461,-3.4559428816997837,false
0.23971806966000928,-0.6639255159931157,-3.4694137573451074,false
0.24175822624295654,-0.6583227614019285,-3.482913089042438,false
0.2437869212284764,-0.6528444688086272,-3.496438768705004,false
0.24580501562495946,-0.6474845221821196,-3.509988899645762,false
0.24781330956651182,-0.642237268733861,-3.5235617698944486,false
0.24981254837430483,-0.6370974721951383,-3.537155829519634,false
0.2518034278968015,-0.6320602718606477,-3.550769671265454,false
0.2537865992285183,-0.627121146568447,-3.564402013945979,false
0.2557626728915917,-0.6222758829211767,-3.5780516881451776,false
0.2577322225516149,-0.6175205471641098,-3.5917176238536164,false
0.2596957883285352,-0.6128514602268099,-3.605398839739344,false
0.26165387975446985,-0.6082651755106507,-3.6190944338035824,false
0.26360697842281355,-0.6037584590671119,-3.632803575214676,false
0.26555554036671347,-0.5993282718640085,-3.646525497148467,false
0.26749999819968034,-0.5949717538805034,-3.660259490491514,false
0.2694407630466141,-0.5906862098084285,-3.6740048982866913,false
0.2713782262897154,-0.5864690961683351,-3.6877611108196864,false
0.2733127611505199,-0.5823180096748023,-3.7015275612605945,false
0.27524472412652623,-0.5782306767076631,-3.7153037217877927,false
0.277174456298535,-0.5742049437646414,-3.729089100132076,false
0.27910228452278674,-0.5702387687869371,-3.742883236488073,false
0.28102852252025246,-0.5663302132630533,-3.756685700747511,false
0.2829534718739267,-0.5624774350279353,-3.7704960900152766,false
0.2848774229436825,-0.5586786816846442,-3.7843140263745783,false
0.28680065570712704,-0.5549322845845234,-3.7981391548720795,false
0.2887234405339171,-0.5512366533094115,-3.811971141697724,false
0.2906460389001563,-0.5475902706059889,-3.8258096725372774,false
0.2925687040487525,-0.5439916877280708,-3.839654451078422,false
0.29449168160097033,-0.5404395201476242,-3.853505197653653,false
0.29641521012384775,-0.5369324435996299,-3.8673616480053035,false
0.29833952165765687,-0.533469190429704,-3.8812235521598053,false
0.30026484220714406,-0.5300485462167394,-3.895090673399846,false
0.3021913921999118,-0.526669346645744,-3.9089627873244104,false
0.30411938691495916,-0.5233304746086438,-3.922839680987867,false
0.306049036884101,-0.5200308575130932,-3.9367211521102567,false
0.30798054826872734,-0.5167694647813448,-3.9506070083518345,false
0.3099141232141214,-0.5135453055230217,-3.9644970666456807,false
0.3118499601833517,-0.5103574263672198,-3.9783911525828697,false
0.3137882542725719,-0.5072049094407642,-3.992289099845281,false
0.31572919750939143,-0.5040868704807108,-4.006190749681652,false
0.3176729791358368,-0.5010024570702967,-4.020095950422943,false
0.31961978587729484,-0.49795084698854186,-4.034004557033473,false
0.3215698021987082,-0.4949312466645996,-4.047916430694651,false
0.32352321054919536,-0.49194288972875416,-4.061831438418453,false
0.32548019159616653,-0.4889850356526884,-4.075749452688061,false
0.3274409244499332,-0.48605696847227986,-4.089670351123337,false
0.3294055868797267,-0.48315799558677897,-4.103594016169032,false
0.3313743555219817,-0.4802874466287353,-4.117520334803816,false
0.3333474060816748,-0.47744467239952104,-4.131449198268414,false
0.3353249135274621,-0.4746290438657223,-4.145380501811261,false
0.3373070522813083,-0.4718399512120572,-4.1593141444502555,false
0.3392939964032589,-0.4690768029468341,-4.173250028749309,false
0.3412859197719736,-0.46633902505627234,-4.1871880606084995,false
0.34328299626160036,-0.46362606020430625,-4.2011281490667445,false
0.345285399915546,-0.46093736697474996,-4.215070206115999,false
0.34729330511767365,-0.45827241915293687,-4.2290141465260636,false
0.3493068867614324,-0.4556307050441695,-4.242959887679169,false
0.35132632041741,-0.453011726826512,-4.2569073494135665,false
0.3533517824997815,-0.4504149999356343,-4.270856453875404,false
0.3553834504321176,-0.44784005247958447,-4.284807125378249,false
0.3574215028129986,-0.4452864246815182,-4.298759290269637,false
0.35946611958188446,-0.4427536683485429,-4.312712876804093,false
0.3615174821856721,-0.44024134636497275,-4.326667815022091,false
0.3635757737463822,-0.43774903220838995,-4.340624036634488,false
0.36564117923040595,-0.435276309487026,-4.354581474911949,false
0.36771388561975044,-0.43282277149706555,-4.368540064578961,false
0.3697940820857234,-0.4303880207985617,-4.382499741712031,false
0.3718819601655031,-0.4279716688087389,-4.3964604436416845,false
0.37397771394205187,-0.4255733354115227,-4.410422108857926,false
0.37608154022783297,-0.42319264858221467,-4.424384676918806,false
0.37819363875281825,-0.42082924402627686,-4.438348088361794,false
0.380314212357274,-0.418482764831261,-4.452312284617635,false
0.3824434671898414,-0.4161528611309559,-4.466277207926415,false
0.384581612911445,-0.41383918978087725,-4.480242801255528,false
0.38672886290558345,-0.41154141404426714,-4.494209008219302,false
0.3888854344955901,-0.4092592032878005,-4.508175772999987,false
0.39105154916947205,-0.4069922326862373,-4.522143040269865,false
0.3932274328129783,-0.40474018293527997,-4.536110755114214,false
0.3954133159515744,-0.4025027399719305,-4.55007886295488,false
0.3976094340020543,-0.40027959470165153,-4.56404730947419,false
0.39981602753455076,-0.3980704427316679,-4.578016040538964,false
0.4020333425457671,-0.3958749841097503,-4.591985002124364,false
0.40426163074430027,-0.39369292306784,-4.605954140237315,false
0.4065011498489912,-0.3915239677698794,-4.619923400839238,false
0.408752163901297,-0.3893678300632242,-4.633892729767821,false
0.41101494359276064,-0.3872242252330083,-4.647862072657528,false
0.413289766608728,-0.3850928717588389,-4.661831374858581,false
0.4155769179895546,-0.38297349107318723,-4.675800581354076,false
0.41787669051063525,-0.38086580732084346,-4.689769636674928,false
0.42018938508270437,-0.3787695471187818,-4.703738484812298,false
0.42251531117397034,-0.3766844393157706,-4.717707069127131,false
0.4248547872557686,-0.3746102147510505,-4.731675332256425,false
0.4272081412735769,-0.37254660601136624,-4.745643216015822,false
0.4295757111453827,-0.37049334718561877,-4.759610661298053,false
0.4319578452895716,-0.36845017361636906,-4.773577607966779,false
0.4343549031847009,-0.36641682164738415,-4.787543994745297,false
0.43676725596373495,-0.3643930283663711,-4.801509759099546,false
0.4391952870455602,-0.36237853134199344,-4.815474837114793,false
0.44163939280686004,-0.3603730683542032,-4.829439163365332,false
0.4440999832977263,-0.35837637711685577,-4.843402670776464,false
0.4465774830047119,-0.3563881949914973,-4.857365290477931,false
0.44907233166539345,-0.35440825869112474,-4.871326951647927,false
0.451584985138928,-0.3524363039726223,-4.8852875813467,false
0.4541159163375371,-0.3504720653164643,-4.899247104338647,false
0.45666561622437374,-0.34851527559214723,-4.913205442901717,false
0.4592345948837961,-0.3465656657076709,-4.927162516622746,false
0.46182338267072787,-0.344622964241224,-4.941118242177268,false
0.46443253144650715,-0.34268689705304733,-4.955072533092099,false
0.46706261590945986,-0.3407571868752338,-4.969025299488856,false
0.46971423502935566,-0.3388335528769927,-4.982976447806304,false
0.47238801359597143,-0.33691571020262784,-4.996925880499175,false
0.47508460389318025,-0.33500336947917664,-5.010873495710822,false
0.4778046875113513,-0.33309623629030277,-5.0248191869167105,false
0.4805489773124124,-0.3311940106126295,-5.038762842535361,false
0.4833182195636943,-0.32929638621024726,-5.052704345502907,false
0.4861131962587309,-0.3274030499825931,-5.066643572806903,false
0.48893472764552903,-0.3255136812602939,-5.080580394974404,false
0.4917836749855263,-0.3236279510428634,-5.094514675508619,false
0.4946609435695772,-0.32174552117132976,-5.108446270267639,false
0.4975674860209215,-0.3198660434279326,-5.122375026777725,false
0.5005043059192933,-0.31798915855393106,-5.1363007834725325,false
0.503472461785216,-0.31611449517529255,-5.150223368848288,false
0.5064730714692538,-0.3142416686245422,-5.164142600523336,false
0.5095073169976975,-0.3123702796452962,-5.178058284188594,false
0.5125764499340437,-0.31049991296395835,-5.191970212433202,false
0.515681797324963,-0.30863013571061143,-5.205878163426949,false
0.5188247683104744,-0.3067604956682678,-5.219781899437833,false
0.5220068614912075,-0.30489051932620254,-5.233681165159232,false
0.5252296731613135,-0.3030197097090022,-5.247575685816406,false
0.5284949065344388,-0.3011475439480402,-5.261465165016354,false
0.5318043821128632,-0.2992734705561685,-5.275349282298,false
0.535160049377407,-0.2973969063592332,-5.289227690331079,false
0.5385640000091503,-0.2955172330292988,-5.303100011701421,false
0.5420184828949383,-0.29363379315377514,-5.316965835207134,false
0.5455259212189547,-0.291745885761524,-5.3308247115736025,false
0.5490889320049327,-0.2898527612107569,-5.344676148474434,false
0.5527103485510241,-0.2879536153233482,-5.358519604719169,false
0.5563932462964744,-0.2860475826248428,-5.372354483434922,false
0.5601409727816571,-0.2841337285175421,-5.386180124026029,false
0.5639571825186612,-0.2822110401734778,-5.399995792639844,false
0.5678458777888424,-0.280278415882202,-5.413800670793864,false
0.5718114566410343,-0.2783346525213254,-5.42759384172313,false
0.5758587696992583,-0.27637843073053076,-5.441374273878848,false
0.5799931878295137,-0.2744082972551704,-5.455140800836991,false
0.5842206833007682,-0.2724226437733957,-5.468892096641544,false
0.5885479278618166,-0.27041968131652705,-5.482626645284869,false
0.5929824122246617,-0.2683974091150548,-5.496342702578459,false
0.5975325929168332,-0.26635357632122675,-5.510038248032239,false
0.6022080745196489,-0.26428563452730797,-5.523710923448679,false
0.6070198382215106,-0.2621906782457,-5.537357953606893,false
0.6119805318120917,-0.2600653694336148,-5.55097604243302,false
0.6171048424028186,-0.2579058405573168,-5.564561235052035,false
0.6224099823840947,-0.2557075683173565,-5.578108731463126,false
0.6279163332592587,-0.2534652065280256,-5.591612630188647,false
0.6336483141883724,-0.25117236095818146,-5.6050655681800245,false
0.6396355779356848,-0.24882127977549479,-5.61845820296133,false
0.6459146967594639,-0.24640241798239193,-5.631778447652718,false
0.6525316044820866,-0.24390380787489427,-5.645010305602861,false
0.6595452486811157,-0.2413101199806313,-5.658132030701411,false
0.6670332654296425,-0.23860120827614514,-5.671113100332144,false
0.6751012213982139,-0.23574974840404933,-5.683908988015382,false
0.6838986088612776,-0.2327171616226791,-5.6964516166024985,false
0.6936490124847258,-0.22944593047395126,-5.7086308029008,false
0.7047160317258856,-0.22584265991809033,-5.720256202495191,false
0.7177996659944135,-0.221726131442828,-5.730978416072046,false
0.734465973948412,-0.21669478061222508,-5.739884204968244,false
0.7536756215688152,-0.21117167457347935,-5.743526587573554,false
0.7610095720820254,-0.20913658504511692,-5.743042733774702,true
0.7796369945154428,-0.20413980379524257,-5.737148403078932,true
0.7944275835892247,-0.20033914529104482,-5.727692313903836,true
0.8066983143986618,-0.1972917759355112,-5.7166335792599865,true
0.8172956760587624,-0.19473361691987262,-5.704734739353604,true
0.826711077214448,-0.19251579841915037,-5.692335468193782,true
0.8352454829325567,-0.19054870255999526,-5.6796094202746055,true
0.8430950885098716,-0.18877460592635376,-5.666655304867011,true
0.8503947884485809,-0.18715418444914267,-5.653533907566128,true
0.8572414418550703,-0.18565941323075105,-5.640285035820643,true
0.8637070941779196,-0.18426957954233286,-5.626936050879576,true
0.8698469089793058,-0.18296891263157303,-5.6135065043748575,true
0.8757041532963783,-0.18174510477400974,-5.600010818979207,true
0.8813134582881607,-0.18058834980351704,-5.586459919317335,true
0.8867030256902083,-0.1794906958482587,-5.572862267397376,true
0.8918961653188583,-0.17844559633799334,-5.559224544127629,true
0.8969123940211504,-0.1774475903698359,-5.545552111961764,true
0.9017682388088872,-0.1764920699603663,-5.531849337474146,true
0.9064778353951902,-0.17557510716465466,-5.518119821586623,true
0.9110533820512059,-0.17469332338524765,-5.504366567298609,true
0.915505489113784,-0.17384378901535388,-5.490592104134838,true
0.9198434518905899,-0.1730239452863178,-5.4767985819955,true
0.9240754664298043,-0.17223154263233012,-5.462987842974235,true
0.9282088020570104,-0.17146459152207003,-5.449161477046557,true
0.9322499407687946,-0.1707213228253419,-5.435320865771478,true
0.9362046909133354,-0.17000015556066925,-5.421467216962738,true
0.9400782807036301,-0.16929967041975583,-5.407601592471608,true
0.9438754357535738,-0.168618587859349,-5.3937249306548605,true
0.9476004438389477,-0.16795574983810893,-5.379838064698718,true
0.9512572093559645,-0.1673101044875644,-5.365941737680222,true
0.9548492994053204,-0.16668069316384998,-5.352036615036814,true
0.9583799830185477,-0.16606663944567715,-5.33812329495979,true
0.9618522647300577,-0.16546713973435612,-5.324202317111757,true
0.9652689134570537,-0.16488145518111766,-5.310274169981272,true
0.9686324874623086,-0.1643089047207787,-5.296339297121817,true
0.9719453560283127,-0.16374885903283146,-5.282398102471601,true
0.9752097183557613,-0.16320073528413592,-5.268450954911604,true
0.9784276201076566,-0.16266399253363623,-5.254498192188722,true
0.9816009679468859,-0.16213812770048852,-5.240540124306975,true
0.9847315423561688,-0.1616226720138212,-5.226577036470813,true
0.9878210089814266,-0.16111718787597465,-5.212609191649492,true
0.9908709287007587,-0.16062126608213356,-5.198636832819436,true
0.9938827665893268,-0.16013452334832395,-5.1846601849318,true
0.9968578999242615,-0.15965660010718427,-5.170679456644574,true
0.9997976253520301,-0.1591871585370656,-5.156694841852178,true
1.0027031653226899,-0.1587258807951166,-5.142706521040216,true
1.0055756738804484,-0.15827246742925588,-5.128714662488808,true
1.0084162418873635,-0.15782663594749238,-5.114719423344304,true
1.0112259017464085,-0.15738811952604398,-5.100720950576234,true
1.0140056316812223,-0.1569566658402245,-5.086719381833922,true
1.0167563596222433,-0.15653203600420693,-5.072714846215085,true
1.0194789667425181,-0.1561140036075819,-5.058707464957028,true
1.0221742902163449,-0.15570235390895024,-5.044697354486781,true
1.0243201064952039,-0.15537617789858402,-5.0334417417669615,true
1.0259345902857866,-0.15513166687123867,-5.024913669148209,true
1.0271514076567831,-0.15494788977116028,-5.018452395416163,true
1.0280696850932158,-0.15480948947294818,-5.013557145695037,true
1.0287633307260786,-0.15470510888016126,-5.009848427608484,true
1.029287669853287,-0.1546262990934119,-5.00703868158425,true
1.029684240249838,-0.15456674664969616,-5.0049100228300825,true
1.0299661536273852,-0.1545244399841414,-5.0033949301759755,true
1.030166630436861,-0.15449436857064752,-5.002316555745218,true
1.0303092309714335,-0.15447298568977674,-5.0015490210400895,true
1.0304106817145202,-0.15445777680320075,-5.001002728737262,true
1.0304828662331589,-0.15444695715676718,-5.000613906439851,true
1.0305342317683603,-0.1544392589645383,-5.000337163501617,true
1.030570785123564,-0.15443378115246387,-5.00014019288729,true
1.0305967988376616,-0.1544298830263979,-5.0,true
1.0305967988376616,-0.1544298830263979,-5.0,true
1.0306228101332897,-0.1544259854595222,-4.999859806880565,true
1.030659351919323,-0.15442051032236062,-4.9996628351557355,true
1.0307106850691445,-0.15441281961796927,-4.9993860891088895,true
1.0307827922439006,-0.15440201785424892,-4.998997259387381,true
1.0308840714609515,-0.1543868486262897,-4.998450950620076,true
1.0310263069177887,-0.15436555015524456,-4.997683380871745,true
1.0312260258462156,-0.15433565397197058,-4.996604933693064,true
1.0315063908591022,-0.15429370530543,-4.995089692412837,true
1.0318998312361936,-0.1542348765589303,-4.9929607332076555,true
1.0324183308181236,-0.15415741695110696,-4.990150426632601,true
1.033101291881288,-0.15405550679553653,-4.986440682869385,true
1.0340002780983752,-0.15392156700827625,-4.9815435811311355,true
1.0351825873038971,-0.1537457691463008,-4.975078994069486,true
1.036735747195012,-0.1535154387436763,-4.966545031994904,true
1.0387730854896218,-0.15321435000106715,-4.955278996838059,true
1.0412894544833928,-0.15284409383638262,-4.9412516801923525,true
1.0437841929132718,-0.15247878265686626,-4.927222365736094,true
1.0462578445790867,-0.15211827936728536,-4.91319112274019,true
1.0487109312498235,-0.15176245269248703,-4.899158015370388,true
1.051143953608207,-0.15141117688549935,-4.885123104659914,true
1.053557392421753,-0.15106433141345518,-4.871086448709394,true
1.05595170963166,-0.15072180066587726,-4.857048102871134,true
1.058327349366472,-0.15038347368341895,-4.843008119919164,true
1.0606847388867637,-0.15004924390534327,-4.8289665502063785,true
1.0630242894664819,-0.14971900893419204,-4.814923441809907,true
1.0653463972160608,-0.14939267031624215,-4.800878840665763,true
1.0676514438519302,-0.14907013333648253,-4.7868327906937,true
1.0699397974166225,-0.14875130682695992,-4.772785333913127,true
1.0722118129532883,-0.14843610298745052,-4.758736510550819,true
1.0744678331381032,-0.14812443721750662,-4.744686359141134,true
1.0767081888737264,-0.14781622795901353,-4.730634916619329,true
1.0789331998466938,-0.14751139654847004,-4.7165822184085515,true
1.0811431750513973,-0.14720986707827033,-4.702528298501006,true
1.083338413283053,-0.1469115662663312,-4.688473189533763,true
1.0855192036018717,-0.14661642333346275,-4.674416922859616,true
1.087685825770467,-0.14632436988792905,-4.660359528613389,true
1.0898385506663422,-0.14603533981669656,-4.646301035774017,true
1.091977640671193,-0.14574926918290146,-4.632241472222737,true
1.094103350038573,-0.14546609612911274,-4.618180864797669,true
1.096215925241387,-0.14518576078599604,-4.60411923934505,true
1.0983156053005423,-0.1449082051860169,-4.590056620767375,true
1.1004026220959913,-0.14463337318184963,-4.575993033068648,true
1.1024772006612973,-0.14436121036918464,-4.561928499396968,true
1.1045395594627918,-0.14409166401364798,-4.547863042084623,true
1.1065899106642778,-0.14382468298157153,-4.5337966826858676,true
1.1086284603781944,-0.14356021767437008,-4.519729442012544,true
1.110655408904076,-0.14329821996629835,-4.505661340167692,true
1.1126709509550816,-0.14303864314538073,-4.4915923965772855,true
1.114675275873307,-0.14278144185731875,-4.477522630020207,true
1.1166685678345722,-0.14252657205219482,-4.463452058656595,true
1.1186510060432764,-0.14227399093380716,-4.449380700054655,true
1.1206227649179272,-0.1420236569114778,-4.435308571216031,true
1.1225840142678698,-0.14177552955418976,-4.421235688599848,true
1.1245349194617238,-0.14152956954691753,-4.40716206814548,true
1.1264756415879997,-0.1412857386490254,-4.393087725294151,true
1.128406337608328,-0.14104399965461584,-4.379012675009419,true
1.1303271605037242,-0.140804316354717,-4.364936931796625,true
1.1322382594142522,-0.14056665350120914,-4.350860509721359,true
1.1341397797724704,-0.14033097677239115,-4.336783422427016,true
1.1360318634309705,-0.1400972527400999,-4.3227056831514705,true
1.1379146487843486,-0.1398654488382964,-4.3086273047429575,true
1.1397882708858813,-0.13963553333304163,-4.294548299675167,true
1.1416528615592052,-0.1394074752937863,-4.280468680061628,true
1.143508549505235,-0.13918124456590844,-4.266388457669404,true
1.145355460404595,-0.13895681174442923,-4.252307643932143,true
1.147193717015758,-0.1387341481488511,-4.23822624996253,true
1.1490234392691436,-0.13851322579905645,-4.224144286564152,true
1.15084474435735,-0.13829401739221567,-4.2100617642428295,true
1.1526577468217234,-0.1380764962806528,-4.19597869321743,true
1.1544625586354484,-0.13786063645062105,-4.1818950834301996,true
1.1562592892833186,-0.1376464125019432,-4.16781094455663,true
1.1580480458383537,-0.13743379962847502,-4.1537262860148925,true
1.1598289330354197,-0.13722277359935023,-4.139641116974863,true
1.1616020533419775,-0.13701331074097187,-4.125555446366747,true
1.1633675070261147,-0.13680538791971153,-4.111469282889345,true
1.1651253922219733,-0.13659898252528516,-4.097382635017953,true
1.166875804992701,-0.1363940724547724,-4.08329551101194,true
1.168618839391035,-0.1361906360972502,-4.069207918922,true
1.1703545875176329,-0.13598865231901136,-4.05511986659711,true
1.1720831395772409,-0.13578810044934272,-4.041031361691191,true
1.173804583932811,-0.13558896026683553,-4.026942411669508,true
1.1755190071576453,-0.13539121198620618,-4.0128530238148015,true
1.1772264940856576,-0.1351948362456026,-3.9987632052331747,true
1.1789271278598459,-0.1349998140943756,-3.9846729628597495,true
1.1806209899790299,-0.13480612698129502,-3.970582303464092,true
1.1823081603429562,-0.13461375674319012,-3.9564912336554294,true
1.183988717295815,-0.13442268559399717,-3.942399759887662,true
1.1856627376682556,-0.13423289611419528,-3.928307888464181,true
1.1873302968179502,-0.13404437124061536,-3.914215625542502,true
1.1889914686687766,-0.13385709425660478,-3.900122977138719,true
1.1906463257486668,-0.13367104878253439,-3.8860299491317956,true
1.192294939226187,-0.13348621876663228,-3.8719365472676888,true
1.193937378945892,-0.13330258847613152,-3.857842777163324,true
1.1955737134625102,-0.13312014248871823,-3.8437486443104194,true
1.197204010074001,-0.1329388656842686,-3.829654154079172,true
1.1988283348535307,-0.13275874323686254,-3.8155593117218087,true
1.2004467526804166,-0.13257976060706264,-3.8014641223760086,true
1.2020593272700655,-0.13240190353444856,-3.787368591068202,true
1.203666121202964,-0.13222515803039572,-3.7732727227167526,true
1.2052671959527406,-0.13204951037108947,-3.7591765221350273,true
1.2068626119133452,-0.1318749470907654,-3.7450799940343544,true
1.2084524284253806,-0.13170145497516608,-3.730983143026884,true
1.2100367038016075,-0.13152902105520733,-3.716885973628344,true
1.2116154953516691,-0.13135763260084496,-3.7027884902607062,true
1.2131888594060534,-0.13118727711513406,-3.688690697254754,true
1.2147568513393232,-0.131017942328475,-3.674592598852571,true
1.2163195255926487,-0.13084961619303734,-3.6604941992099396,true
1.2178769356956578,-0.13068228687735614,-3.646395502398661,true
1.2194291342876333,-0.13051594276109416,-3.6322965124087996,true
1.2209761731380848,-0.1303505724299633,-3.6181972331508496,true
1.222518103166712,-0.13018616467079977,-3.6040976684578334,true
1.2240549744627813,-0.1300227084667876,-3.5899978220873296,true
1.2255868363039422,-0.12986019299282467,-3.5758976977234367,true
1.227113737174497,-0.12969860761102647,-3.5617972989786715,true
1.2286357247831472,-0.1295379418663624,-3.547696629395808,true
1.2301528460802302,-0.1293781854824204,-3.5335956924496577,true
1.2316651472744726,-0.1292193283572943,-3.519494491548793,true
1.2331726738492652,-0.12906136055959133,-3.5053930300372174,true
1.2346754705784837,-0.1289042723245537,-3.491291311195981,true
1.2361735815418722,-0.12874805405029147,-3.477189338244749,true
1.237667050139997,-0.1285926962941227,-3.4630871143433213,true
1.2391559191087897,-0.12843818976901694,-3.4489846425931012,true
1.240640230533695,-0.12828452534013873,-3.434881926038526,true
1.2421200258634295,-0.12813169402148772,-3.420778967668449,true
1.2435953459233764,-0.1279796869726317,-3.4066757704174813,true
1.24506623092861,-0.12782849549553083,-3.3925723371672953,true
1.2465327204965837,-0.12767811103144766,-3.3784686707478877,true
1.2479948536594714,-0.12752852515794305,-3.3643647739388034,true
1.2494526688761907,-0.12737972958595215,-3.350260649470327,true
1.250906204044107,-0.1272317161569402,-3.336156300024637,true
1.252355496510432,-0.12708447684013466,-3.3220517282369277,true
1.2538005830833299,-0.1269380037298305,-3.3079469366964975,true
1.2552415000427322,-0.12679228904276765,-3.293841927947806,true
1.2566782831508818,-0.12664732511557739,-3.2797367044915027,true
1.2581109676626023,-0.12650310440229562,-3.2656312687854228,true
1.2595395883353109,-0.1263596194719412,-3.25152562324556,true
1.260964179438776,-0.12621686300615714,-3.237419770247007,true
1.2623847747646322,-0.12607482779691262,-3.2233137121248725,true
1.2638014076356592,-0.12593350674426376,-3.209207451175171,true
1.2652141109148278,-0.12579289285417194,-3.195100989655691,true
1.2666229170141223,-0.12565297923637744,-3.180994329786834,true
1.2680278579031539,-0.12551375910232634,-3.166887473752438,true
1.269428965117552,-0.12537522576315033,-3.152780423700572,true
1.2708262697671642,-0.12523737262769608,-3.1386731817443096,true
1.2722198025440479,-0.12510019320060456,-3.1245657499624877,true
1.2736095937302803,-0.12496368108043673,-3.1104581304004384,true
1.274995673205571,-0.12482782995784673,-3.0963503250707034,true
1.2763780704547052,-0.12469263361379827,-3.082242335953731,true
1.277756814574799,-0.12455808591782588,-3.068134164998553,true
1.2791319342823968,-0.12442418082633715,-3.0540258141234458,true
1.2805034579203922,-0.12429091238095655,-3.03991728521657,true
1.2818714134647953,-0.12415827470690866,-3.025808580136599,true
1.2832358285313372,-0.12402626201144033,-3.011699700713328,true
1.2845967303819283,-0.12389486858227981,-2.9975906487482677,true
1.285954145930964,-0.12376408878613275,-2.9834814260152234,true
1.287308101751492,-0.12363391706721301,-2.9693720342608585,true
1.2886586240812312,-0.12350434794580861,-2.955262475205246,true
1.2900057388284658,-0.1233753760168802,-2.941152750542404,true
1.2913494715777971,-0.12324699594869279,-2.927042861940816,true
1.2926898475957738,-0.12311920248147827,-2.912932811043945,true
1.2940268918363926,-0.1229919904261292,-2.898822599470726,true
1.2953606289464803,-0.12286535466292227,-2.884712228816053,true
1.2966910832709553,-0.12273929014027044,-2.870601700651253,true
1.2980182788579762,-0.12261379187350367,-2.8564910165245445,true
1.299342239463973,-0.12248885494367724,-2.842380177961489,true
1.3006629885585788,-0.12236447449640594,-2.8282691864654304,true
1.3019805493294425,-0.12224064574072534,-2.8141580435179225,true
1.30329494468695,-0.1221173639479774,-2.800046750579149,true
1.3046061972688354,-0.12199462445072141,-2.7859353090883308,true
1.305914329444699,-0.12187242264166841,-2.7718237204641243,true
1.30721936332043,-0.12175075397263889,-2.757711986105011,true
1.3085213207425317,-0.12162961395354376,-2.7436001073896783,true
1.3098202233023601,-0.12150899815138665,-2.7294880856773895,true
1.3111160923402712,-0.12138890218928852,-2.715375922308347,true
1.3124089489496837,-0.1212693217455325,-2.701263618604046,true
1.3136988139810586,-0.12115025255262969,-2.687151175867622,true
1.3149857080457932,-0.12103169039640461,-2.6730385953841855,true
1.3162696515200376,-0.12091363111510023,-2.658925878421156,true
1.3175506645484354,-0.12079607059850149,-2.644813026228582,true
1.3188287670477816,-0.12067900478707796,-2.6307000400394585,true
1.3201039787106161,-0.12056242967114347,-2.6165869210700334,true
1.3213763190087358,-0.12044634129003425,-2.60247367052011,true
1.3226458071966414,-0.12033073573130326,-2.5883602895733415,true
1.3239124623149146,-0.12021560912993179,-2.574246779397519,true
1.3251763031935266,-0.12010095766755693,-2.560133141144853,true
1.3264373484550833,-0.11998677757171489,-2.546019375952249,true
1.3276956165180023,-0.11987306511510001,-2.5319054849415776,true
1.3289511255996371,-0.11975981661483819,-2.5177914692199366,true
1.330203893719326,-0.11964702843177602,-2.5036773298799098,true
1.3314539387013955,-0.11953469696978299,-2.489563067999819,true
1.3327012781780974,-0.11942281867506882,-2.4754486846439714,true
1.3339459295924905,-0.11931139003551355,-2.4613341808628992,true
1.3351879102012705,-0.11920040758001157,-2.4472195576935976,true
1.3364272370775407,-0.11908986787782823,-2.4331048161597555,true
1.3376639271135327,-0.1189797675379694,-2.4189899572719815,true
1.3388979970232775,-0.11887010320856306,-2.404874982028026,true
1.3401294633452228,-0.11876087157625337,-2.3907598914129973,true
1.3413583424447997,-0.11865206936560652,-2.376644686399575,true
1.3425846505169476,-0.11854369333852764,-2.362529367948217,true
1.3438084035885876,-0.11843574029368942,-2.3484139370073636,true
1.3450296175210474,-0.11832820706597179,-2.334298394513636,true
1.34624830801245,-0.11822109052591173,-2.3201827413920326,true
1.3474644906000488,-0.11811438757916429,-2.3060669785561196,true
1.348678180662525,-0.11800809516597356,-2.2919511069082183,true
1.3498893934222433,-0.1179022102606535,-2.277835127339589,true
1.351098143947465,-0.1177967298710787,-2.263719040730611,true
1.35230444715452,-0.11769165103818492,-2.2496028479509573,true
1.3535083178099434,-0.11758697083547846,-2.235486549859769,true
1.3547097705325692,-0.1174826863685553,-2.2213701473058234,true
1.3559088197955897,-0.11737879477462856,-2.2072536411277,true
1.357105479928576,-0.11727529322206526,-2.1931370321539423,true
1.3582997651194653,-0.11717217890993108,-2.1790203212032186,true
1.359491689416511,-0.11706944906754384,-2.164903509084477,true
1.3606812667301966,-0.11696710095403516,-2.1507865965970985,true
1.3618685108351205,-0.11686513185791986,-2.1366695845310466,true
1.3630534353718469,-0.11676353909667318,-2.1225524736670156,true
1.3642360538487184,-0.11666232001631605,-2.1084352647765745,true
1.3654163796436478,-0.11656147199100707,-2.0943179586223075,true
1.366594426005866,-0.116460992422643,-2.0802005559579535,true
1.3677702060576544,-0.11636087874046486,-2.0660830575285427,true
1.3689437327960332,-0.11626112840067236,-2.0519654640705287,true
1.370115019094434,-0.11616173888604438,-2.0378477763119207,true
1.3712840777043305,-0.11606270770556672,-2.0237299949724106,true
1.3724509212568543,-0.11596403239406584,-2.0096121207635007,true
1.3736155622643744,-0.11586571051184948,-1.995494154388626,true
1.3747780131220568,-0.11576773964435311,-1.981376096543276,true
1.3759382861093896,-0.1156701174017933,-1.9672579479151138,true
1.377096393391691,-0.11557284141882614,-1.9531397091840923,true
1.3782523470215884,-0.11547590935421234,-1.9390213810225698,true
1.3794061589404718,-0.11537931889048762,-1.9249029640954223,true
1.3805578409799255,-0.11528306773363911,-1.910784459060153,true
1.3817074048631361,-0.115187153612787,-1.8966658665670022,true
1.3828548622062762,-0.11509157427987168,-1.8825471872590525,true
1.3840002245198637,-0.1149963275093465,-1.8684284217723337,true
1.3851435032101054,-0.1149014110978752,-1.854309570735926,true
1.3862847095802109,-0.1148068228640349,-1.8401906347720602,true
1.3874238548316913,-0.11471256064802379,-1.8260716144962164,true
1.388560950065633,-0.11461862231137392,-1.8119525105172216,true
1.3896960062839543,-0.11452500573666861,-1.797833323437345,true
1.3908290343906387,-0.11443170882726474,-1.7837140538523912,true
1.3919600451929501,-0.11433872950701948,-1.7695947023517935,true
1.3930890494026307,-0.11424606572002159,-1.755475269518703,true
1.394216057637075,-0.11415371543032722,-1.741355755930078,true
1.395341080420491,-0.11406167662169985,-1.7272361621567716,true
1.3964641281850385,-0.1139699472973548,-1.713116488763616,true
1.3975852112719511,-0.11387852547970756,-1.698996736309509,true
1.3987043399326433,-0.11378740921012634,-1.684876905347495,true
1.3998215243297951,-0.11369659654868884,-1.6707569964248465,true
1.4009367745384265,-0.1136060855739424,-1.656637010083145,true
1.4020501005469468,-0.11351587438266876,-1.642516946858358,true
1.4031615122581955,-0.113425961089652,-1.628396807280918,true
1.4042710194904664,-0.11333634382745009,-1.614276591875797,true
1.4053786319785082,-0.11324702074617085,-1.600156301162582,true
1.4064843593745207,-0.11315799001325073,-1.586035935655547,true
1.407588211249129,-0.11306924981323713,-1.5719154958637265,true
1.4086901970923438,-0.1129807983475747,-1.5577949822909858,true
1.4097903263145093,-0.11289263383439442,-1.5436743954360905,true
1.410888608247236,-0.11280475450830627,-1.5295537357927753,true
1.4119850521443171,-0.11271715862019503,-1.515433003849811,true
1.4130796671826353,-0.11262984443701939,-1.5013122000910708,true
1.4141724624630532,-0.11254281024161396,-1.4871913249955957,true
1.4152634470112924,-0.11245605433249449,-1.4730703790376585,true
1.4163526297787974,-0.11236957502366611,-1.4589493626868262,true
1.4174400196435866,-0.11228337064443449,-1.4448282764080227,true
1.4185256254110967,-0.11219743953921972,-1.4307071206615896,true
1.419609455815004,-0.11211178006737336,-1.4165858959033457,true
1.4206915195180454,-0.11202639060299802,-1.4024646025846466,true
1.421771825112819,-0.11194126953476957,-1.3883432411524421,true
1.4228503811225763,-0.11185641526576251,-1.3742218120493337,true
1.4239271960020023,-0.11177182621327751,-1.3601003157136304,true
1.4250022781379859,-0.11168750080867172,-1.3459787525794045,true
1.4260756358503768,-0.11160343749719165,-1.3318571230765452,true
1.4271472773927345,-0.1115196347378083,-1.3177354276308129,true
1.4282172109530618,-0.11143609100305538,-1.3036136666638911,true
1.4292854446545349,-0.11135280477886896,-1.289491840593439,true
1.4303519865562149,-0.1112697745644305,-1.2753699498331417,true
1.4314168446537567,-0.11118699887201139,-1.2612479947927606,true
1.4324800268801052,-0.11110447622682015,-1.2471259758781836,true
1.433541541106177,-0.11102220516685211,-1.2330038934914724,true
1.4346013951415408,-0.11094018424274067,-1.2188817480309113,true
1.4356595967350838,-0.11085841201761112,-1.2047595398910542,true
1.4367161535756663,-0.11077688706693677,-1.1906372694627705,true
1.4377710732927749,-0.11069560797839648,-1.1765149371332912,true
1.438824363457158,-0.11061457335173508,-1.162392543286254,true
1.4398760315814574,-0.1105337817986253,-1.1482700883017471,true
1.4409260851208325,-0.11045323194253161,-1.134147572556353,true
1.441974531473571,-0.11037292241857628,-1.1200249964231914,true
1.4430213779816947,-0.11029285187340745,-1.1059023602719618,true
1.4440666319315574,-0.11021301896506852,-1.0917796644689843,true
1.445110300554433,-0.11013342236286996,-1.077656909377242,true
1.446152391027096,-0.11005406074726277,-1.0635340953564194,true
1.4471929104723946,-0.1099749328097135,-1.0494112227629446,true
1.4482318659598152,-0.10989603725258142,-1.0352882919500261,true
1.4492692645060423,-0.10981737278899686,-1.021165303267693,true
1.4503051130755054,-0.10973893814274202,-1.0070422570628321,true
1.4513394185809236,-0.10966073204813268,-0.9929191536792261,true
1.4523721878838416,-0.109582753249902,-0.9787959934575898,true
1.4534034277951577,-0.10950500050308577,-0.9646727767356069,true
1.4544331450756434,-0.10942747257290941,-0.9505495038479657,true
1.4554613464364614,-0.10935016823467616,-0.936426175126394,true
1.4564880385396715,-0.10927308627365726,-0.9223027908996946,true
1.4575132279987302,-0.1091962254849834,-0.9081793514937788,true
1.45853692137899,-0.10911958467353744,-0.894055857231701,true
1.4595591251981812,-0.10904316265384936,-0.8799323084336909,true
1.4605798459268993,-0.10896695824999143,-0.865808705417187,true
1.4615990899890776,-0.10889097029547595,-0.8516850484968691,true
1.462616863762458,-0.10881519763315373,-0.8375613379846895,true
1.4636331735790526,-0.10873963911511413,-0.8234375741899046,true
1.464648025725603,-0.10866429360258634,-0.8093137574191063,true
1.4656614264440304,-0.10858915996584223,-0.7951898879762517,true
1.466673381931883,-0.10851423708410018,-0.7810659661626939,true
1.4676838983427734,-0.10843952384543035,-0.7669419922772109,true
1.468692981786817,-0.1083650191466612,-0.7528179666160358,true
1.4697006383310574,-0.10829072189328728,-0.7386938894728847,true
1.4707068739998912,-0.10821663099937827,-0.7245697611389853,true
1.4717116947754871,-0.10814274538748893,-0.7104455819031052,true
1.472715106598198,-0.10806906398857068,-0.6963213520515793,true
1.473717115366968,-0.10799558574188399,-0.6821970718683369,true
1.4747177269397374,-0.10792230959491206,-0.6680727416349287,true
1.475716947133838,-0.10784923450327566,-0.6539483616305534,true
1.4767147817263875,-0.10777635943064888,-0.6398239321320833,true
1.4777112364546767,-0.10770368334867624,-0.6256994534140908,true
1.4787063170165522,-0.10763120523689074,-0.6115749257488731,true
1.4797000290707947,-0.10755892408263293,-0.5974503494064772,true
1.4806923782374946,-0.10748683888097099,-0.5833257246547254,true
1.4816833700984187,-0.10741494863462207,-0.5692010517592389,true
1.482673010197376,-0.10734325235387428,-0.5550763309834619,true
1.483661304040577,-0.10727174905651013,-0.5409515625886856,true
1.484648257096992,-0.10720043776773028,-0.5268267468340715,true
1.4856338747986984,-0.1071293175200792,-0.5127018839766742,true
1.4866181625412318,-0.10705838735337067,-0.49857697427146436,true
1.487601125683926,-0.10698764631461521,-0.4844520179713511,true
1.4885827695502556,-0.10691709345794773,-0.4703270153272043,true
1.489563099428167,-0.10684672784455646,-0.45620196658787593,true
1.4905421205704095,-0.1067765485426128,-0.4420768720002223,true
1.491519838194867,-0.10670655462720151,-0.42795173180912477,true
1.4924962574848748,-0.10663674518025264,-0.4138265462575111,true
1.4934713835895417,-0.10656711929047359,-0.3997013155863758,true
1.494445221624066,-0.10649767605328224,-0.3855760400348009,true
1.4954177766700454,-0.10642841457074098,-0.37145071983997596,true
1.4963890537757865,-0.10635933395149158,-0.35732535523721803,true
1.497359057956608,-0.10629043331069059,-0.34319994645999113,true
1.4983277941951423,-0.10622171176994598,-0.32907449373992576,true
1.4992952674416324,-0.10615316845725403,-0.31494899730683806,true
1.500261482614225,-0.10608480250693753,-0.3008234573887486,true
1.5012264445992631,-0.10601661305958417,-0.28669787421190107,true
1.5021901582515704,-0.10594859926198626,-0.27257224800078067,true
1.5031526283947367,-0.1058807602670807,-0.2584465789781322,true
1.5041138598213986,-0.10581309523388989,-0.24432086736497818,true
1.5050738572935136,-0.10574560332746354,-0.2301951133806362,true
1.5060326255426386,-0.10567828371882065,-0.21606931724273673,true
1.5069901692701981,-0.10561113558489275,-0.20194347916724018,true
1.5079464931477524,-0.1055441581084674,-0.187817599368454,true
1.5089016018172625,-0.10547735047813278,-0.17369167805904942,true
1.5098554998913518,-0.10541071188822243,-0.1595657154500781,true
1.5108081919535647,-0.10534424153876115,-0.14543971175098852,true
1.5117596825586235,-0.1052779386354111,-0.1313136671696421,true
1.5127099762326792,-0.105211802389419,-0.11718758191232924,true
1.513659077473563,-0.10514583201756347,-0.10306145618378502,true
1.5146069907510349,-0.10508002674210329,-0.08893529018720495,true
1.5155537205070255,-0.10501438579072629,-0.07480908412426009,true
1.5164992711558791,-0.10494890839649865,-0.06068283819511244,true
1.5174436470845944,-0.10488359379781485,-0.04655655259842995,true
1.518386852653057,-0.10481844123834848,-0.032430227531401165,true
1.5193288921942776,-0.104753449967003,-0.018303863189750046,true
1.5202697700146197,-0.10468861923786384,-0.004177459767750315,true
1.5205477839502937,-0.10466947817871841,0.0,true
